Season,Name,Team,HR,AVG,SLG,OPS,EV,Barrel%,maxEV,HardHit%,AB
2020,Juan Soto,WSN,13,0.351,0.695,1.185,92.1,17.50%,113.3,51.60%,154
2024,Aaron Judge,NYY,58,0.322,0.701,1.159,96.2,26.90%,117.5,60.90%,559
2022,Aaron Judge,NYY,62,0.311,0.686,1.111,95.8,26.20%,118.4,60.90%,570
2015,Bryce Harper,WSN,42,0.33,0.649,1.109,91.4,12.20%,116,47.70%,521
2020,Freddie Freeman,ATL,13,0.341,0.64,1.102,92.4,14.70%,109.3,54.20%,214
2019,Christian Yelich,MIL,44,0.329,0.671,1.1,93.3,15.80%,117.9,48.70%,489
2018,Mike Trout,LAA,39,0.312,0.628,1.088,91.2,15.30%,118,46.00%,471
2019,Mike Trout,LAA,45,0.291,0.645,1.083,90.9,17.50%,116.6,43.80%,470
2018,Mookie Betts,BOS,32,0.346,0.64,1.078,92.3,13.10%,110.6,50.00%,520
2017,Mike Trout,LAA,33,0.306,0.629,1.071,88.8,12.00%,114.7,40.50%,402
2020,Marcell Ozuna,ATL,18,0.338,0.636,1.067,93,15.40%,115.6,53.80%,228
2023,Shohei Ohtani,LAA,44,0.304,0.654,1.066,94.4,19.30%,118.6,53.30%,497
2017,Aaron Judge,NYY,52,0.284,0.627,1.049,94.9,24.90%,121.1,55.00%,542
2021,Bryce Harper,PHI,35,0.309,0.615,1.044,92.5,18.10%,116.3,49.20%,488
2024,Shohei Ohtani,LAD,54,0.31,0.646,1.036,95.8,21.40%,119.2,59.50%,636
2019,Cody Bellinger,LAD,47,0.305,0.629,1.035,91.1,12.60%,110.6,45.60%,558
2017,Joey Votto,CIN,36,0.32,0.578,1.032,87.5,8.70%,110.9,32.80%,559
2018,J.D. Martinez,BOS,43,0.33,0.629,1.031,93,15.10%,116.7,52.30%,569
2019,Nelson Cruz,MIN,41,0.311,0.639,1.031,93.7,18.70%,117,51.40%,454
2016,David Ortiz,BOS,38,0.315,0.62,1.021,93.2,13.50%,113.4,47.60%,537
2022,Yordan Alvarez,HOU,37,0.306,0.613,1.019,95.2,21.00%,117.4,59.80%,470
2019,Alex Bregman,HOU,41,0.296,0.592,1.015,89.3,4.60%,107.4,37.20%,554
2023,Corey Seager,TEX,33,0.327,0.623,1.013,93.3,15.20%,114.4,53.20%,477
2023,Ronald Acuña Jr.,ATL,41,0.337,0.596,1.012,94.7,15.30%,121.2,55.20%,643
2020,DJ LeMahieu,NYY,10,0.364,0.59,1.011,91.3,2.90%,109.5,45.70%,195
2019,Anthony Rendon,WSN,34,0.319,0.598,1.01,90.4,10.90%,107.7,46.60%,545
2017,Giancarlo Stanton,MIA,59,0.281,0.631,1.007,91.9,16.90%,122.2,45.50%,597
2015,Paul Goldschmidt,ARI,33,0.321,0.57,1.005,92,12.30%,114,46.50%,567
2021,Vladimir Guerrero Jr.,TOR,48,0.311,0.601,1.002,95.1,15.10%,117.4,55.20%,604
2015,Joey Votto,CIN,29,0.314,0.541,1,90.2,9.50%,109.3,42.50%,545
2018,Christian Yelich,MIL,36,0.326,0.598,1,92.6,12.20%,113.6,50.80%,574
2017,Charlie Blackmon,COL,37,0.331,0.601,1,87.3,7.60%,110.8,36.10%,644
2021,Juan Soto,WSN,29,0.313,0.534,0.999,93,13.30%,116.6,52.40%,502
2020,José Ramírez,CLE,17,0.292,0.607,0.993,88.7,10.20%,114.3,35.00%,219
2020,Mike Trout,LAA,17,0.281,0.603,0.993,93.7,15.00%,112.9,55.10%,199
2020,Dominic Smith,NYM,10,0.316,0.616,0.993,89.8,13.30%,110.7,46.70%,177
2023,Matt Olson,ATL,54,0.283,0.604,0.993,93.7,16.40%,118.6,55.10%,608
2020,Nelson Cruz,MIN,16,0.303,0.595,0.992,91.6,15.00%,114.4,46.50%,185
2015,Mike Trout,LAA,41,0.299,0.59,0.991,92.9,16.10%,117.7,48.60%,575
2016,Mike Trout,LAA,29,0.315,0.55,0.991,90.9,13.40%,117.1,40.00%,549
2017,Freddie Freeman,ATL,28,0.307,0.586,0.989,89.7,13.00%,109,41.80%,440
2024,Juan Soto,NYY,41,0.288,0.569,0.989,94.2,19.70%,115.7,56.80%,576
2020,Ronald Acuña Jr.,ATL,14,0.25,0.581,0.987,92.4,16.00%,114.8,57.00%,160
2023,Mookie Betts,LAD,39,0.307,0.579,0.987,92.4,12.40%,110.1,48.10%,584
2020,José Abreu,CHW,19,0.317,0.617,0.987,92.9,14.30%,114,53.30%,240
2016,Daniel Murphy,WSN,25,0.347,0.595,0.985,90.7,8.30%,113.5,41.30%,531
2016,Joey Votto,CIN,29,0.326,0.55,0.985,89.6,8.30%,109,39.00%,556
2020,Trea Turner,WSN,12,0.335,0.588,0.982,90.5,9.00%,111.2,40.70%,233
2022,Paul Goldschmidt,STL,35,0.317,0.578,0.981,90.7,11.50%,112.3,46.90%,561
2019,Ketel Marte,ARI,32,0.329,0.592,0.981,90,9.10%,116.3,40.00%,569
2024,Bobby Witt Jr.,KCR,32,0.332,0.588,0.977,92.7,14.30%,116.9,48.10%,636
2023,Freddie Freeman,LAD,29,0.331,0.567,0.976,90,11.10%,110.6,41.80%,637
2021,Fernando Tatis Jr.,SDP,42,0.282,0.611,0.975,93.9,21.30%,116.6,55.60%,478
2015,Miguel Cabrera,DET,18,0.338,0.534,0.974,93.8,9.50%,115.6,52.70%,429
2019,George Springer,HOU,39,0.292,0.591,0.974,89.8,12.20%,114.3,43.20%,479
2016,Freddie Freeman,ATL,34,0.302,0.569,0.968,91.3,13.00%,114.6,44.70%,589
2020,Mike Yastrzemski,SFG,10,0.297,0.568,0.968,88.2,10.90%,105.6,42.30%,192
2017,Paul Goldschmidt,ARI,36,0.297,0.563,0.966,91.4,12.30%,112.4,47.10%,558
2021,Shohei Ohtani,LAA,46,0.257,0.592,0.965,93.6,22.30%,119,53.40%,537
2019,Nolan Arenado,COL,41,0.315,0.583,0.962,89.4,6.80%,109.9,37.60%,588
2020,Bryce Harper,PHI,13,0.268,0.542,0.962,92.5,17.30%,114.7,50.70%,190
2020,Wil Myers,SDP,15,0.288,0.606,0.959,91,14.80%,109.2,45.80%,198
2024,Yordan Alvarez,HOU,35,0.308,0.567,0.959,93.1,14.50%,117,49.70%,552
2017,Nolan Arenado,COL,37,0.309,0.586,0.959,88.9,7.90%,109.9,37.60%,606
2017,Jose Altuve,HOU,24,0.346,0.547,0.957,86.1,5.70%,109.1,28.00%,590
2017,José Ramírez,CLE,29,0.318,0.583,0.957,88.2,4.60%,108.3,34.50%,585
2016,Miguel Cabrera,DET,38,0.316,0.563,0.956,93.6,14.90%,114.3,50.00%,595
2016,Josh Donaldson,TOR,37,0.284,0.549,0.953,92.2,11.20%,114.1,49.00%,577
2020,Manny Machado,SDP,16,0.304,0.58,0.95,90.2,11.00%,115.7,43.50%,224
2019,Juan Soto,WSN,34,0.282,0.548,0.949,92,11.30%,112.8,47.80%,542
2020,Luke Voit,NYY,22,0.277,0.61,0.948,88.9,13.10%,111.7,40.00%,213
2017,Kris Bryant,CHC,29,0.295,0.537,0.946,87,8.90%,113,37.00%,549
2017,Justin Turner,LAD,21,0.322,0.53,0.945,89.4,7.60%,107.8,38.10%,457
2020,Corey Seager,LAD,15,0.307,0.585,0.943,93.2,15.80%,113.1,55.40%,212
2019,Pete Alonso,NYM,53,0.26,0.583,0.941,90.7,14.60%,118.3,42.20%,597
2019,Charlie Blackmon,COL,32,0.314,0.576,0.94,88.7,7.90%,110.6,40.30%,580
2024,Vladimir Guerrero Jr.,TOR,30,0.323,0.544,0.94,93.8,13.70%,117.6,54.80%,616
2019,Xander Bogaerts,BOS,33,0.309,0.555,0.939,90.6,8.00%,112.4,44.40%,614
2019,J.D. Martinez,BOS,36,0.304,0.557,0.939,91.4,10.80%,112.6,48.10%,575
2016,Kris Bryant,CHC,39,0.292,0.554,0.939,89.3,11.70%,112.6,38.90%,603
2018,José Ramírez,CLE,39,0.27,0.552,0.939,89,6.90%,110.2,34.50%,578
2015,Josh Donaldson,TOR,41,0.297,0.568,0.939,92.5,11.40%,113.6,46.50%,620
2021,Nick Castellanos,CIN,34,0.309,0.576,0.939,89.8,10.60%,111.9,46.90%,531
2019,Freddie Freeman,ATL,38,0.295,0.549,0.938,89.7,11.70%,112,42.40%,597
2021,Joey Votto,CIN,36,0.266,0.563,0.938,92.9,17.20%,114.1,53.20%,448
2020,Fernando Tatis Jr.,SDP,17,0.277,0.571,0.937,95.9,19.50%,113.4,62.20%,224
2017,Anthony Rendon,WSN,25,0.301,0.533,0.937,89.8,5.80%,110.1,37.50%,508
2019,Josh Bell,PIT,37,0.277,0.569,0.936,92.4,12.00%,116.2,46.40%,527
2015,Nelson Cruz,SEA,44,0.302,0.566,0.936,92.6,13.10%,119,47.50%,590
2018,Nolan Arenado,COL,38,0.297,0.561,0.935,89.8,7.20%,109.2,40.20%,590
2017,Cody Bellinger,LAD,39,0.267,0.581,0.933,90.8,11.60%,112.8,45.70%,480
2016,Charlie Blackmon,COL,29,0.324,0.552,0.933,87.7,6.20%,112.7,33.50%,578
2017,Zack Cozart,CIN,24,0.297,0.548,0.933,85.8,4.40%,108.3,28.80%,438
2023,Yandy Díaz,TBR,22,0.33,0.522,0.932,93.4,9.50%,114.5,54.00%,525
2024,Ketel Marte,ARI,36,0.292,0.56,0.932,94.1,12.30%,117,53.30%,504
2016,Nolan Arenado,COL,41,0.294,0.57,0.932,89.5,8.20%,111.2,39.60%,618
2017,Tommy Pham,STL,23,0.306,0.52,0.931,89.7,9.60%,111.6,43.40%,444
2019,Eugenio Suárez,CIN,49,0.271,0.572,0.93,89.3,12.80%,112.3,40.10%,575
2017,Ryan Zimmerman,WSN,36,0.303,0.573,0.93,91.4,11.20%,113.1,48.10%,524
2023,Juan Soto,SDP,35,0.275,0.519,0.93,93.2,13.00%,115.3,55.30%,568
2015,Edwin Encarnación,TOR,39,0.277,0.557,0.929,90,8.90%,114,43.90%,528
2016,Anthony Rizzo,CHC,32,0.292,0.544,0.928,89.1,8.80%,113.5,36.40%,583
2016,Jose Altuve,HOU,24,0.338,0.531,0.928,88.3,6.20%,109,36.20%,640
2017,Daniel Murphy,WSN,23,0.322,0.543,0.928,89.6,4.10%,108.4,41.70%,534
2020,Mookie Betts,LAD,16,0.292,0.562,0.927,90.7,7.70%,108.5,43.40%,219
2024,Brent Rooker,OAK,39,0.293,0.562,0.927,91.9,16.60%,113.4,49.60%,546
2020,Michael Conforto,NYM,9,0.322,0.515,0.927,88.4,11.00%,114.4,36.60%,202
2018,Alex Bregman,HOU,31,0.286,0.532,0.926,89.4,7.40%,107.6,39.80%,594
2024,Marcell Ozuna,ATL,39,0.302,0.546,0.925,92.2,15.40%,114.8,53.30%,606
2019,Anthony Rizzo,CHC,27,0.293,0.52,0.924,89,6.50%,113.4,36.80%,512
2017,Nelson Cruz,SEA,39,0.288,0.549,0.924,93.2,13.70%,117.7,48.70%,556
2017,Marcell Ozuna,MIA,37,0.312,0.548,0.924,90.7,8.50%,114.5,45.40%,613
2015,Chris Davis,BAL,47,0.262,0.562,0.923,92.1,16.80%,113.2,46.20%,573
2019,Jorge Soler,KCR,48,0.265,0.569,0.922,92.5,16.30%,115.7,49.80%,589
2019,Austin Meadows,TBR,33,0.291,0.558,0.922,90.4,11.50%,115.4,42.90%,530
2018,Paul Goldschmidt,ARI,33,0.29,0.533,0.922,90.8,13.10%,112.9,43.70%,593
2022,Jose Altuve,HOU,28,0.3,0.533,0.921,85.9,7.70%,109.8,29.50%,527
2020,Teoscar Hernández,TOR,16,0.289,0.579,0.919,93.3,17.80%,115.9,52.70%,190
2022,Freddie Freeman,LAD,21,0.325,0.511,0.918,91.3,10.10%,112.3,48.00%,612
2019,Trevor Story,COL,35,0.294,0.554,0.917,91,7.70%,111.8,46.00%,588
2021,Kyle Tucker,HOU,30,0.294,0.557,0.917,91.4,11.60%,111.1,47.00%,506
2021,Aaron Judge,NYY,39,0.287,0.544,0.916,95.8,17.60%,119,57.90%,550
2020,Brandon Lowe,TBR,14,0.269,0.554,0.916,89.8,17.50%,111.4,43.10%,193
2019,Jeff McNeil,NYM,23,0.318,0.531,0.916,89,4.40%,107.2,36.70%,510
2019,Rafael Devers,BOS,32,0.311,0.555,0.916,92.5,8.10%,115,48.40%,647
2020,Anthony Rendon,LAA,9,0.286,0.497,0.915,90.1,6.30%,109.1,39.90%,189
2019,Yoán Moncada,CHW,25,0.315,0.548,0.915,93.1,10.80%,115.8,47.90%,511
2019,Mookie Betts,BOS,29,0.295,0.524,0.915,91,9.30%,109.3,47.30%,597
2016,Nelson Cruz,SEA,43,0.287,0.555,0.915,94.6,15.80%,116.3,52.60%,589
2018,Trevor Story,COL,37,0.291,0.567,0.914,91,12.40%,112.5,45.60%,598
2015,David Ortiz,BOS,37,0.273,0.553,0.913,93,12.40%,113.6,49.30%,528
2015,José Bautista,TOR,40,0.25,0.536,0.913,92,12.10%,116.3,45.80%,543
2021,Bryan Reynolds,PIT,24,0.302,0.522,0.912,89.4,10.40%,112.7,40.80%,559
2021,Tyler O'Neill,STL,34,0.286,0.56,0.912,93,17.90%,113.1,52.20%,482
2019,Carlos Santana,CLE,34,0.281,0.515,0.911,91.8,9.40%,112.8,44.80%,573
2021,Matt Olson,OAK,39,0.271,0.54,0.911,91.6,12.70%,115.3,48.40%,565
2016,DJ LeMahieu,COL,11,0.348,0.495,0.911,91.8,4.10%,111.9,47.70%,552
2021,Trea Turner,2 Tms,28,0.328,0.536,0.911,89.6,7.40%,112.2,46.00%,595
2018,Anthony Rendon,WSN,24,0.308,0.535,0.909,90.7,9.50%,109.9,44.60%,529
2016,J.D. Martinez,DET,22,0.307,0.535,0.908,91.4,12.20%,114.7,46.00%,460
2017,Marwin Gonzalez,HOU,23,0.303,0.53,0.907,88.7,6.10%,109.8,36.60%,455
2017,José Abreu,CHW,33,0.304,0.552,0.906,90.6,8.50%,114.9,45.70%,621
2023,Marcell Ozuna,ATL,40,0.274,0.558,0.905,91.8,16.60%,115.3,49.00%,530
2018,Manny Machado,2 Tms,37,0.297,0.538,0.905,91.6,10.10%,114.8,48.20%,632
2021,C.J. Cron,COL,28,0.281,0.53,0.905,88.8,11.50%,114.7,42.00%,470
2016,Ryan Braun,MIL,30,0.305,0.538,0.903,90,8.20%,114.7,38.90%,511
2019,Kris Bryant,CHC,31,0.282,0.521,0.903,87.6,8.80%,111.4,33.80%,543
2019,Jose Altuve,HOU,31,0.298,0.55,0.903,87.4,7.80%,109.3,33.60%,500
2017,Justin Upton,2 Tms,35,0.273,0.54,0.901,88.8,12.20%,114.2,41.50%,557
2019,Josh Donaldson,ATL,37,0.259,0.521,0.9,92.9,15.20%,114.2,50.50%,549
2023,Bryce Harper,PHI,21,0.293,0.499,0.9,91.8,15.20%,115.7,46.80%,457
2016,Paul Goldschmidt,ARI,24,0.297,0.489,0.899,91,7.10%,112,42.50%,579
2017,Anthony Rizzo,CHC,32,0.273,0.507,0.899,88.4,8.20%,113.6,38.70%,572
2020,George Springer,HOU,14,0.265,0.54,0.899,88.7,12.30%,115,41.90%,189
2019,Trey Mancini,BAL,35,0.291,0.535,0.899,90.3,9.90%,113.9,42.70%,602
2015,Anthony Rizzo,CHC,31,0.278,0.512,0.899,88.7,7.40%,112,38.50%,586
2024,Bryce Harper,PHI,30,0.285,0.525,0.898,91,10.40%,113.8,47.20%,550
2015,Nolan Arenado,COL,42,0.287,0.575,0.898,90.6,7.90%,110.2,39.50%,616
2022,Manny Machado,SDP,32,0.298,0.531,0.898,91.5,9.80%,112.4,49.00%,578
2021,Austin Riley,ATL,33,0.303,0.531,0.898,90.1,13.30%,114.2,45.60%,590
2018,Matt Carpenter,STL,36,0.257,0.523,0.897,90.7,12.70%,109.4,44.50%,564
2016,Mookie Betts,BOS,31,0.318,0.534,0.897,89.7,4.70%,114.7,39.70%,672
2021,Freddie Freeman,ATL,31,0.3,0.503,0.896,91.4,11.50%,113.6,45.70%,600
2019,Matt Olson,OAK,36,0.267,0.545,0.896,92.8,14.20%,111.9,49.40%,483
2021,Max Muncy,LAD,36,0.249,0.527,0.895,91.2,16.10%,112.3,46.30%,497
2021,Brandon Crawford,SFG,24,0.298,0.522,0.895,88.8,11.50%,109.8,43.10%,483
2021,José Ramírez,CLE,36,0.266,0.538,0.893,90,11.10%,112.6,42.30%,552
2015,David Peralta,ARI,17,0.312,0.522,0.893,91.6,6.90%,116,43.10%,462
2024,Gunnar Henderson,BAL,37,0.281,0.529,0.893,92.8,11.20%,113.1,53.90%,630
2019,DJ LeMahieu,NYY,26,0.327,0.518,0.893,91.9,7.00%,111.1,48.70%,602
2018,Freddie Freeman,ATL,23,0.309,0.505,0.892,89.1,9.10%,109.6,39.80%,618
2018,Eugenio Suárez,CIN,34,0.283,0.526,0.892,91.2,9.70%,112.8,45.50%,527
2019,Marcus Semien,OAK,33,0.285,0.522,0.892,88.9,7.40%,108.2,37.60%,657
2022,Nolan Arenado,STL,30,0.293,0.533,0.891,88.7,8.20%,111.4,38.90%,557
2020,Eloy Jiménez,CHW,14,0.296,0.559,0.891,92.4,16.50%,113.6,55.70%,213
2021,Rafael Devers,BOS,38,0.279,0.538,0.89,92.9,15.00%,114.4,51.50%,591
2018,Jesús Aguilar,MIL,35,0.274,0.539,0.89,89.8,10.90%,110,42.60%,492
2018,Bryce Harper,WSN,34,0.249,0.496,0.889,91,10.00%,115.1,45.10%,550
2015,Andrew McCutchen,PIT,23,0.292,0.488,0.889,90.6,8.60%,111.4,44.10%,566
2019,Max Muncy,LAD,35,0.251,0.515,0.889,89.8,11.10%,110.1,43.00%,487
2017,George Springer,HOU,34,0.283,0.522,0.889,89.1,8.40%,114.6,42.70%,548
2020,Brandon Nimmo,NYM,8,0.28,0.484,0.888,87.2,7.70%,106.9,32.20%,186
2018,Brandon Nimmo,NYM,17,0.263,0.483,0.886,89.9,5.50%,110.9,42.00%,433
2020,Tim Anderson,CHW,10,0.322,0.529,0.886,87.2,10.10%,108.8,35.80%,208
2023,Kyle Tucker,HOU,29,0.284,0.517,0.886,90.2,10.40%,110.1,44.50%,574
2016,Brian Dozier,MIN,42,0.268,0.546,0.886,88.1,8.10%,107.7,36.20%,615
2016,Edwin Encarnación,TOR,42,0.263,0.529,0.886,90.8,11.20%,112.8,41.10%,601
2017,Avisaíl García,CHW,18,0.33,0.506,0.885,90.3,8.60%,115.5,40.70%,518
2016,Matt Carpenter,STL,21,0.271,0.505,0.885,90.7,10.50%,111.1,42.20%,473
2019,Yuli Gurriel,HOU,31,0.298,0.541,0.884,89.3,3.20%,110.6,37.40%,564
2016,Yoenis Cespedes,NYM,31,0.28,0.53,0.884,91.7,9.50%,114.6,47.70%,479
2020,Paul Goldschmidt,STL,6,0.304,0.466,0.883,89.2,10.70%,111.3,40.70%,191
2017,Justin Smoak,TOR,38,0.27,0.529,0.883,89.7,12.00%,110,42.90%,560
2018,Xander Bogaerts,BOS,23,0.288,0.522,0.883,90.6,9.40%,111.9,41.50%,513
2019,Ronald Acuña Jr.,ATL,41,0.28,0.518,0.883,90.6,12.90%,115.9,47.10%,626
2016,Robinson Canó,SEA,39,0.298,0.533,0.882,90.2,6.60%,113.4,42.90%,655
2019,Bryce Harper,PHI,35,0.26,0.51,0.882,91.9,13.50%,116.4,45.60%,573
2017,Eric Hosmer,KCR,25,0.318,0.498,0.882,89.8,6.20%,118,38.90%,603
2020,Lourdes Gurriel Jr.,TOR,11,0.308,0.534,0.882,90.8,11.70%,109.5,49.40%,208
2023,Cody Bellinger,CHC,26,0.307,0.525,0.881,87.9,6.10%,109.2,31.40%,499
2019,Justin Turner,LAD,27,0.29,0.509,0.881,90.3,7.30%,107.7,42.40%,479
2017,Edwin Encarnación,CLE,38,0.258,0.504,0.881,89.2,10.30%,112,42.20%,554
2020,AJ Pollock,LAD,16,0.276,0.566,0.881,89.6,10.50%,110,43.10%,196
2018,Javier Báez,CHC,34,0.29,0.554,0.881,90.6,11.30%,113.7,42.80%,606
2019,Bryan Reynolds,PIT,16,0.314,0.503,0.88,89.5,6.70%,112.1,41.00%,491
2021,Paul Goldschmidt,STL,31,0.294,0.514,0.879,92.6,13.60%,112.2,50.20%,603
2016,Adrian Beltré,TEX,32,0.3,0.521,0.879,90.1,7.90%,109.9,40.00%,583
2015,J.D. Martinez,DET,38,0.282,0.535,0.879,91.3,15.90%,113.2,48.20%,596
2022,Rafael Devers,BOS,27,0.295,0.521,0.879,93.1,11.50%,113.7,50.90%,555
2021,Cedric Mullins,BAL,30,0.291,0.518,0.878,89.4,8.10%,109.7,39.10%,602
2022,Austin Riley,ATL,38,0.273,0.528,0.878,92.5,15.70%,115.9,50.80%,615
2017,Eric Thames,MIL,31,0.247,0.518,0.877,88.2,11.40%,112,38.90%,469
2016,Corey Seager,LAD,26,0.308,0.512,0.877,91.1,7.70%,112.7,43.80%,627
2021,Yordan Alvarez,HOU,33,0.277,0.531,0.877,93.2,15.90%,116.4,54.20%,537
2019,Joc Pederson,LAD,36,0.249,0.538,0.876,91.2,10.00%,113.7,42.80%,450
2016,Manny Machado,BAL,37,0.294,0.533,0.876,90.3,9.00%,116.8,43.20%,640
2017,Gary Sánchez,NYY,33,0.278,0.531,0.876,90.8,11.50%,115.7,43.10%,471
2017,Domingo Santana,MIL,30,0.278,0.505,0.875,89.2,9.10%,113.7,40.00%,525
2019,Michael Brantley,HOU,22,0.311,0.503,0.875,88.8,5.30%,108.9,36.50%,575
2022,Shohei Ohtani,LAA,34,0.273,0.519,0.875,92.9,16.80%,119.1,49.80%,586
2020,Trevor Story,COL,11,0.289,0.519,0.874,89.9,8.70%,109,41.30%,235
2018,Khris Davis,OAK,48,0.247,0.549,0.874,92.5,16.70%,112.8,47.50%,576
2022,Mookie Betts,LAD,35,0.269,0.533,0.873,90.5,9.70%,109,44.70%,572
2021,Marcus Semien,TOR,45,0.265,0.538,0.873,89.7,9.80%,109.5,41.30%,652
2024,José Ramírez,CLE,39,0.279,0.537,0.872,89.2,8.60%,116.6,39.60%,620
2020,Jeimer Candelario,DET,7,0.297,0.503,0.872,90.2,10.30%,110.8,47.10%,185
2019,Gleyber Torres,NYY,38,0.278,0.535,0.871,89.1,9.40%,109.6,36.80%,546
2018,Francisco Lindor,CLE,38,0.277,0.519,0.871,90.6,9.10%,114.5,40.50%,661
2015,Matt Carpenter,STL,28,0.272,0.505,0.871,88.9,9.10%,109.5,35.80%,574
2024,Rafael Devers,BOS,28,0.272,0.516,0.871,93.2,13.00%,114.7,52.30%,525
2019,Kyle Schwarber,CHC,38,0.25,0.531,0.871,93.5,14.00%,117.6,50.90%,529
2015,Yoenis Cespedes,2 Tms,35,0.291,0.542,0.87,92.2,10.50%,112.9,44.90%,633
2019,Hunter Dozier,KCR,26,0.279,0.522,0.87,91.1,8.90%,115.1,42.90%,523
2021,Teoscar Hernández,TOR,32,0.296,0.524,0.87,91.8,13.90%,115.7,48.80%,550
2021,Giancarlo Stanton,NYY,35,0.273,0.516,0.87,95.1,15.70%,122.2,55.60%,510
2017,Joey Gallo,TEX,41,0.209,0.537,0.869,93.3,20.90%,117.3,53.00%,449
2022,Pete Alonso,NYM,40,0.271,0.518,0.869,89.8,12.30%,116.5,44.60%,597
2022,José Ramírez,CLE,29,0.28,0.514,0.869,87.7,6.60%,114.2,36.60%,601
2017,Logan Morrison,TBR,38,0.246,0.516,0.868,88.6,12.60%,114.4,42.90%,512
2016,Brandon Belt,SFG,17,0.275,0.474,0.868,87.3,10.80%,106.1,32.70%,542
2018,David Peralta,ARI,30,0.293,0.516,0.868,91.5,7.50%,114.8,45.70%,560
2023,Corbin Carroll,ARI,25,0.285,0.506,0.868,90,7.60%,113.8,40.90%,565
2016,Jean Segura,ARI,20,0.319,0.499,0.867,89,5.50%,110,33.80%,637
2020,Xander Bogaerts,BOS,11,0.3,0.502,0.867,89,8.60%,112.5,36.80%,203
2021,J.D. Martinez,BOS,28,0.286,0.518,0.867,92.1,12.40%,113.2,49.30%,570
2020,Ian Happ,CHC,12,0.258,0.505,0.866,91.1,10.30%,109.1,47.80%,198
2016,Hanley Ramirez,BOS,30,0.286,0.505,0.866,90.6,8.30%,114.9,42.30%,549
2017,Yonder Alonso,2 Tms,28,0.266,0.501,0.866,89.2,9.30%,111.5,40.80%,451
2019,Tim Anderson,CHW,18,0.335,0.508,0.865,88.3,4.90%,107.8,37.90%,498
2016,Carlos Santana,CLE,34,0.259,0.498,0.865,90.8,9.00%,111.2,42.80%,582
2015,AJ Pollock,ARI,20,0.315,0.498,0.865,88.9,4.50%,110.6,39.10%,609
2024,Corey Seager,TEX,30,0.278,0.512,0.864,92.1,15.20%,113.3,49.60%,475
2015,Carlos González,COL,40,0.271,0.54,0.864,90.3,9.80%,117.1,38.60%,554
2017,Khris Davis,OAK,43,0.247,0.528,0.864,92.2,16.90%,113.5,52.10%,566
2020,Kole Calhoun,ARI,16,0.226,0.526,0.864,89.4,11.80%,109,38.20%,190
2018,Matt Chapman,OAK,24,0.278,0.508,0.864,93.1,8.20%,115.3,47.60%,547
2024,Mookie Betts,LAD,19,0.289,0.491,0.863,89.9,6.00%,109.4,39.30%,450
2021,Brandon Lowe,TBR,39,0.247,0.523,0.863,89.3,14.00%,111.2,43.10%,535
2021,Xander Bogaerts,BOS,23,0.295,0.493,0.863,89.6,9.70%,113.6,43.00%,529
2019,Nick Castellanos,2 Tms,27,0.289,0.525,0.863,88.9,10.10%,111.2,41.30%,615
2021,Pete Alonso,NYM,37,0.262,0.519,0.863,91,14.80%,118.4,47.30%,561
2017,Travis Shaw,MIL,31,0.273,0.513,0.862,88.6,6.40%,113.7,39.40%,538
2023,Luis Arraez,MIA,10,0.354,0.469,0.861,88.3,3.50%,104,25.20%,574
2017,Buster Posey,SFG,12,0.32,0.462,0.861,88.7,3.50%,109.6,34.40%,494
2023,Austin Riley,ATL,37,0.281,0.516,0.861,92.3,13.90%,116.1,48.80%,636
2015,Manny Machado,BAL,35,0.286,0.502,0.861,91.4,7.40%,114.9,41.30%,633
2018,Charlie Blackmon,COL,29,0.291,0.502,0.86,87.5,5.90%,110.4,35.20%,626
2015,Michael Brantley,CLE,15,0.31,0.48,0.859,89,3.50%,110.1,35.80%,529
2021,Salvador Perez,KCR,48,0.273,0.544,0.859,93,16.30%,114.4,55.90%,620
2018,Mitch Haniger,SEA,26,0.285,0.493,0.859,90.2,9.00%,112.8,42.90%,596
2016,Christian Yelich,MIA,21,0.298,0.483,0.859,92.6,9.20%,113.6,49.90%,578
2016,Kyle Seager,SEA,30,0.278,0.499,0.859,90.4,8.40%,109.2,41.30%,597
2015,Kris Bryant,CHC,26,0.275,0.488,0.858,89.7,10.70%,111.5,44.70%,559
2023,Luis Robert Jr.,CHW,38,0.264,0.542,0.857,89.1,15.20%,113.6,41.70%,546
2019,Danny Santana,TEX,28,0.283,0.534,0.857,91.4,8.80%,113.1,43.50%,474
2017,Brian Dozier,MIN,34,0.271,0.498,0.856,87.9,7.50%,111.8,34.50%,617
2019,Michael Conforto,NYM,33,0.257,0.494,0.856,89.2,10.90%,112.2,39.00%,549
2023,Triston Casas,BOS,24,0.263,0.49,0.856,91.1,13.10%,113.2,46.20%,429
2018,Miguel Andujar,NYY,27,0.297,0.527,0.855,89.2,6.00%,110.4,36.50%,573
2016,Carlos González,COL,25,0.298,0.505,0.855,90.2,8.30%,118,41.00%,584
2016,Jonathan Lucroy,2 Tms,24,0.292,0.5,0.855,87.6,6.90%,110.9,34.80%,490
2019,Max Kepler,MIN,36,0.252,0.519,0.855,89.7,8.40%,112.5,41.70%,524
2021,Mookie Betts,LAD,23,0.264,0.487,0.854,90.3,7.80%,107.9,41.30%,466
2015,Ryan Braun,MIL,25,0.285,0.498,0.854,92.2,9.90%,114.9,46.10%,506
2018,Nick Castellanos,DET,23,0.298,0.5,0.854,89.6,10.60%,110.3,40.50%,620
2017,Corey Seager,LAD,22,0.295,0.479,0.854,89.7,8.00%,110.9,44.00%,539
2019,Francisco Lindor,CLE,32,0.284,0.518,0.854,91,7.10%,113.5,40.80%,598
2024,Freddie Freeman,LAD,22,0.282,0.476,0.854,89.4,9.10%,112.3,41.60%,542
2022,Juan Soto,2 Tms,27,0.242,0.452,0.853,91,12.40%,113.2,47.30%,524
2022,Julio Rodríguez,SEA,28,0.284,0.509,0.853,92,13.10%,117.2,50.70%,511
2023,Jorge Soler,MIA,36,0.25,0.512,0.853,91.3,15.00%,114.8,48.00%,504
2018,Giancarlo Stanton,NYY,38,0.266,0.509,0.852,93.7,14.70%,121.7,50.50%,617
2019,Ozzie Albies,ATL,24,0.295,0.5,0.852,88.9,6.20%,110.8,34.00%,640
2024,Kyle Schwarber,PHI,38,0.248,0.485,0.851,93.6,15.60%,115.6,54.90%,573
2023,Rafael Devers,BOS,33,0.271,0.5,0.851,93.1,12.70%,115,54.70%,580
2022,Nathaniel Lowe,TEX,27,0.302,0.492,0.851,90.2,9.90%,113,44.80%,593
2018,Nelson Cruz,SEA,37,0.256,0.509,0.85,93.9,13.50%,117,51.20%,519
2019,Trea Turner,WSN,19,0.298,0.497,0.85,90.4,6.10%,113.5,42.00%,521
2021,Carlos Correa,HOU,26,0.279,0.485,0.85,90.2,9.40%,116.4,42.50%,555
2017,Chris Taylor,LAD,21,0.288,0.496,0.85,87,6.20%,110.1,34.00%,514
2018,Rhys Hoskins,PHI,34,0.246,0.496,0.85,88.9,10.60%,112,38.90%,558
2016,Carlos Beltrán,2 Tms,29,0.295,0.513,0.85,90.1,6.40%,110.9,38.50%,552
2016,Mark Trumbo,BAL,47,0.256,0.533,0.85,92.7,14.70%,117.2,44.70%,613
2015,José Abreu,CHW,30,0.29,0.502,0.85,91,8.90%,114.9,41.60%,613
2021,Jared Walsh,LAA,29,0.277,0.509,0.85,89.6,11.30%,114.8,41.20%,530
2016,Wilson Ramos,WSN,22,0.307,0.496,0.85,90.8,6.60%,111.5,43.00%,482
2023,Ozzie Albies,ATL,33,0.28,0.513,0.849,88.7,8.20%,110.7,38.90%,596
2015,Buster Posey,SFG,19,0.318,0.47,0.849,89,5.50%,110.3,37.10%,557
2017,Andrew McCutchen,PIT,28,0.279,0.486,0.849,88.4,6.80%,109.5,38.30%,570
2019,Ryan Braun,MIL,22,0.285,0.505,0.849,91.5,8.60%,111.7,44.30%,459
2024,Seiya Suzuki,CHC,21,0.283,0.482,0.848,91.7,11.50%,115.5,48.90%,512
2019,Matt Chapman,OAK,36,0.249,0.506,0.848,92.7,10.90%,114.4,48.10%,583
2019,Yasmani Grandal,MIL,28,0.246,0.468,0.848,90.7,10.30%,111.3,41.20%,513
2018,Scooter Gennett,CIN,23,0.31,0.49,0.847,87.3,5.10%,108.5,31.90%,584
2017,Josh Reddick,HOU,13,0.314,0.484,0.847,87.6,3.50%,110.2,30.60%,477
2019,Javier Báez,CHC,29,0.281,0.531,0.847,91.1,12.50%,114.1,43.20%,531
2015,Kendrys Morales,KCR,22,0.29,0.485,0.847,91.9,8.50%,113.4,47.00%,569
2018,Anthony Rizzo,CHC,25,0.283,0.47,0.846,90.1,5.90%,112.6,40.40%,566
2021,Yuli Gurriel,HOU,15,0.319,0.462,0.846,89.8,3.40%,109.1,41.40%,530
2019,Starling Marte,PIT,23,0.295,0.503,0.845,88.6,8.00%,111.6,37.90%,539
2019,Mike Moustakas,MIL,35,0.254,0.516,0.845,89.5,10.10%,112.9,40.50%,523
2017,Jake Lamb,ARI,30,0.248,0.487,0.844,88.3,8.00%,109.4,37.50%,536
2020,Alex Verdugo,BOS,6,0.308,0.478,0.844,87,6.40%,109.5,34.40%,201
2024,Francisco Lindor,NYM,33,0.273,0.5,0.844,90.9,13.40%,112.7,47.40%,618
2023,Ketel Marte,ARI,25,0.276,0.485,0.844,91.1,8.00%,117.1,42.80%,569
2017,Francisco Lindor,CLE,33,0.273,0.505,0.842,89,6.70%,111.7,35.50%,651
2019,Luke Voit,NYY,21,0.263,0.464,0.842,89.9,13.20%,112.6,42.40%,429
2023,Seiya Suzuki,CHC,20,0.285,0.485,0.842,91.4,10.50%,114.6,48.00%,515
2015,Alex Rodriguez,NYY,33,0.25,0.486,0.842,91.3,10.60%,116.5,43.40%,523
2020,Chris Taylor,LAD,8,0.27,0.476,0.842,88,11.50%,109.6,45.00%,185
2015,Prince Fielder,TEX,23,0.305,0.463,0.841,90.9,5.50%,114.9,44.30%,613
2021,Starling Marte,2 Tms,12,0.31,0.458,0.841,87.6,8.40%,112.9,39.40%,467
2019,Jorge Polanco,MIN,22,0.295,0.485,0.841,88.1,6.30%,108.2,32.80%,631
2017,Jonathan Schoop,BAL,32,0.293,0.503,0.841,87.6,6.80%,116,36.10%,622
2024,Teoscar Hernández,LAD,33,0.272,0.501,0.84,90.6,14.90%,114.1,46.70%,589
2016,Jake Lamb,ARI,29,0.249,0.509,0.84,91.3,11.30%,111.6,43.20%,523
2020,Michael Brantley,HOU,5,0.3,0.476,0.84,88.7,4.90%,105.3,36.60%,170
2016,Dexter Fowler,CHC,13,0.276,0.447,0.84,88.1,5.30%,109.6,32.60%,456
2020,J.T. Realmuto,PHI,11,0.266,0.491,0.84,90.2,13.60%,112.4,42.40%,173
2023,Isaac Paredes,TBR,31,0.25,0.488,0.84,86.9,5.90%,107.7,28.30%,492
2016,Evan Longoria,TBR,36,0.273,0.521,0.84,90.8,11.50%,110.2,41.70%,633
2024,Jurickson Profar,SDP,24,0.28,0.459,0.839,91.1,7.20%,110.3,44.20%,564
2021,Jose Altuve,HOU,31,0.278,0.489,0.839,87.7,6.40%,109.1,34.40%,601
2018,Gregory Polanco,PIT,23,0.254,0.499,0.839,88.8,9.00%,112.9,37.30%,461
2017,Mark Reynolds,COL,30,0.267,0.487,0.839,87.2,7.80%,112.1,35.90%,520
2015,Lorenzo Cain,KCR,16,0.307,0.477,0.838,90.2,4.80%,111,38.10%,551
2015,Lucas Duda,NYM,27,0.244,0.486,0.838,91.8,11.00%,114.1,42.00%,471
2015,Shin-Soo Choo,TEX,22,0.276,0.463,0.838,90.9,7.70%,111.5,43.90%,555
2018,Jose Altuve,HOU,13,0.316,0.451,0.837,87.2,5.20%,112.3,33.80%,534
2022,Andrés Giménez,CLE,17,0.297,0.466,0.837,87.8,6.20%,109.9,37.60%,491
2018,Joey Votto,CIN,12,0.284,0.419,0.837,88.1,6.70%,107.5,34.80%,503
2020,Kyle Tucker,HOU,9,0.268,0.512,0.837,91.1,9.10%,110.9,43.90%,209
2020,Jeff McNeil,NYM,4,0.311,0.454,0.836,86.6,2.50%,106.2,26.50%,183
2021,Manny Machado,SDP,28,0.278,0.489,0.836,93.1,13.30%,119.6,52.00%,564
2022,Jeff McNeil,NYM,9,0.326,0.454,0.836,86.9,2.70%,110,30.20%,533
2023,Adolis García,TEX,39,0.245,0.508,0.836,92.1,16.10%,115.1,49.70%,555
2017,Eddie Rosario,MIN,27,0.29,0.507,0.836,87.2,6.70%,107.5,32.10%,542
2017,Mike Moustakas,KCR,38,0.272,0.521,0.835,87.4,8.10%,112.9,33.60%,555
2021,Jonathan India,CIN,21,0.269,0.459,0.835,87.6,9.60%,110.2,38.10%,532
2021,Kris Bryant,2 Tms,25,0.265,0.481,0.835,88.2,10.30%,110.4,39.70%,513
2016,Jackie Bradley Jr.,BOS,26,0.267,0.486,0.835,90.3,7.90%,109.1,39.80%,558
2017,Matt Carpenter,STL,23,0.241,0.451,0.835,89.7,7.90%,113,36.70%,497
2024,Jarren Duran,BOS,21,0.285,0.492,0.834,90.8,9.10%,113.9,43.70%,671
2015,Brandon Belt,SFG,18,0.28,0.478,0.834,89.8,9.70%,109.4,42.10%,492
2019,José Abreu,CHW,33,0.284,0.503,0.834,92.1,12.00%,117.9,48.20%,634
2022,Carlos Correa,MIN,22,0.291,0.467,0.834,89.9,11.40%,114.6,44.70%,522
2022,Xander Bogaerts,BOS,15,0.307,0.456,0.833,88.1,6.50%,113,39.50%,557
2020,Adam Duvall,ATL,16,0.237,0.532,0.833,88.1,13.90%,114.2,40.10%,190
2018,Aaron Hicks,NYY,27,0.248,0.467,0.833,89.7,8.50%,110,43.00%,480
2022,Taylor Ward,LAA,23,0.281,0.473,0.833,90,12.10%,112.6,42.60%,495
2017,Yasiel Puig,LAD,28,0.263,0.487,0.833,88.5,8.40%,116,37.40%,499
2018,Michael Brantley,CLE,17,0.309,0.468,0.832,90.2,3.10%,108.6,37.10%,570
2017,Jay Bruce,2 Tms,36,0.254,0.508,0.832,88.4,9.30%,111.5,38.90%,555
2016,Justin Turner,LAD,27,0.275,0.493,0.832,90.5,8.10%,109.2,40.90%,556
2021,Justin Turner,LAD,27,0.278,0.471,0.832,90.9,7.90%,109.8,42.20%,533
2021,Nelson Cruz,2 Tms,32,0.265,0.497,0.832,92.9,13.50%,117.5,52.00%,513
2016,Ben Zobrist,CHC,18,0.272,0.446,0.831,89.1,4.00%,110.4,35.40%,523
2019,Eduardo Escobar,ARI,35,0.269,0.511,0.831,87.7,6.40%,106.9,31.40%,636
2016,Ian Kinsler,DET,28,0.288,0.484,0.831,87.2,3.60%,105.5,30.80%,618
2021,José Abreu,CHW,30,0.261,0.481,0.831,92,10.20%,115.6,49.00%,566
2020,Jake Cronenworth,SDP,4,0.285,0.477,0.831,89.8,10.50%,110.1,42.70%,172
2016,Khris Davis,OAK,42,0.247,0.524,0.831,92,16.50%,115.9,48.20%,555
2024,William Contreras,MIL,23,0.281,0.466,0.831,92.8,10.00%,118.1,49.00%,595
2023,José Ramírez,CLE,24,0.282,0.475,0.831,90,7.00%,111.6,40.30%,611
2015,Adrián González,LAD,28,0.275,0.48,0.83,88.8,7.70%,107.9,37.20%,571
2018,Andrew Benintendi,BOS,16,0.29,0.465,0.83,88.6,6.00%,109.5,33.20%,579
2018,Tommy Pham,2 Tms,21,0.275,0.464,0.83,92.9,9.50%,112.1,49.60%,494
2023,Christian Walker,ARI,33,0.258,0.497,0.83,88,11.20%,114.3,40.10%,582
2020,Wilmer Flores,SFG,12,0.268,0.515,0.83,87.9,6.10%,107.8,34.40%,198
2023,Brandon Nimmo,NYM,24,0.274,0.466,0.829,91.8,9.50%,112,47.70%,592
2018,Didi Gregorius,NYY,27,0.268,0.494,0.829,87,4.00%,109.4,30.60%,504
2019,Brett Gardner,NYY,28,0.251,0.503,0.829,87.8,3.40%,109.7,32.60%,491
2019,Eloy Jiménez,CHW,31,0.267,0.513,0.828,91.2,12.20%,114.1,47.90%,468
2021,Bo Bichette,TOR,29,0.298,0.484,0.828,91.4,9.90%,115.5,47.50%,640
2017,Eugenio Suárez,CIN,26,0.26,0.461,0.828,86.1,6.40%,108.8,31.90%,534
2020,Donovan Solano,SFG,3,0.326,0.463,0.828,88.5,4.60%,108.1,34.90%,190
2023,Jake Burger,2 Tms,34,0.25,0.518,0.828,91.9,16.70%,118.2,49.30%,492
2020,Didi Gregorius,PHI,10,0.284,0.488,0.827,83.8,4.20%,104.7,27.90%,215
2022,Kyle Schwarber,PHI,46,0.218,0.504,0.827,93.3,20.10%,114.8,54.40%,577
2017,Alex Bregman,HOU,19,0.284,0.475,0.827,87.6,3.40%,105.6,34.50%,556
2024,Riley Greene,DET,24,0.262,0.479,0.827,91.3,13.40%,114,46.20%,512
2021,Josh Donaldson,MIN,26,0.247,0.475,0.827,94.1,17.40%,114.7,52.70%,457
2016,Victor Martinez,DET,27,0.289,0.476,0.826,90,7.30%,110.2,41.60%,553
2021,Jorge Polanco,MIN,33,0.269,0.503,0.826,89.4,10.10%,110,36.80%,588
2016,Jonathan Villar,MIL,19,0.285,0.457,0.826,90.3,5.00%,114,38.20%,589
2023,Marcus Semien,TEX,29,0.276,0.478,0.826,88.4,6.50%,108.6,36.70%,670
2024,Jackson Merrill,SDP,24,0.292,0.5,0.826,90.4,11.30%,111.6,43.90%,554
2019,Shin-Soo Choo,TEX,24,0.265,0.455,0.826,91.9,8.00%,111.8,48.90%,563
2017,Trey Mancini,BAL,24,0.293,0.488,0.826,88.6,9.30%,115.5,40.40%,543
2020,Robbie Grossman,OAK,8,0.241,0.482,0.826,89,5.50%,108.1,37.50%,166
2016,José Ramírez,CLE,11,0.312,0.462,0.825,88.4,2.60%,110.7,32.90%,565
2018,Travis Shaw,MIL,32,0.241,0.48,0.825,88.9,9.30%,114.6,38.00%,498
2019,Christian Walker,ARI,29,0.259,0.476,0.825,91.1,11.50%,112.4,48.80%,529
2023,William Contreras,MIL,17,0.289,0.457,0.825,91.3,9.40%,113.9,48.40%,540
2016,Dustin Pedroia,BOS,15,0.318,0.449,0.825,88.6,2.00%,104.1,28.90%,633
2018,J.T. Realmuto,MIA,21,0.277,0.484,0.825,89,8.20%,109.8,40.60%,477
2022,José Abreu,CHW,15,0.304,0.446,0.824,92.2,9.50%,113,51.70%,601
2022,Yandy Díaz,TBR,9,0.296,0.423,0.824,92.2,4.80%,114.3,48.60%,473
2018,Eduardo Escobar,2 Tms,23,0.272,0.489,0.824,86.5,7.80%,108.8,27.20%,566
2015,Jason Kipnis,CLE,9,0.303,0.451,0.823,89.3,2.80%,106.4,38.20%,565
2018,Kyle Schwarber,CHC,26,0.238,0.467,0.823,90.9,12.40%,117.1,45.00%,428
2021,Josh Bell,WSN,27,0.261,0.476,0.823,92.5,8.80%,115.8,51.50%,498
2015,Eric Hosmer,KCR,18,0.297,0.459,0.822,89.8,6.70%,113.9,40.60%,599
2019,Franmil Reyes,2 Tms,37,0.249,0.512,0.822,93.3,14.50%,115,51.00%,494
2018,Stephen Piscotty,OAK,27,0.267,0.491,0.821,88.5,8.70%,111.6,38.40%,546
2019,Paul Goldschmidt,STL,34,0.26,0.476,0.821,90.1,10.60%,111.5,41.70%,597
2023,Pete Alonso,NYM,46,0.217,0.504,0.821,89.5,14.70%,115.7,39.90%,568
2018,José Martínez,STL,17,0.305,0.457,0.821,91,9.00%,113.8,44.10%,534
2015,Curtis Granderson,NYM,26,0.259,0.457,0.821,89.4,7.60%,109.6,40.00%,580
2016,Chris Carter,MIL,41,0.222,0.499,0.821,91.7,16.40%,114.3,46.20%,549
2016,José Abreu,CHW,25,0.293,0.468,0.82,89.7,7.10%,113.4,39.20%,624
2021,Avisaíl García,MIL,29,0.262,0.49,0.82,90.4,12.20%,116.7,46.10%,461
2023,Spencer Steer,CIN,23,0.271,0.464,0.82,88.7,6.70%,110.6,37.10%,582
2015,Adam Lind,MIL,20,0.277,0.46,0.82,89.5,6.40%,109.8,36.00%,502
2019,J.T. Realmuto,PHI,25,0.275,0.493,0.82,90.3,6.60%,112.9,41.00%,538
2022,Alex Bregman,HOU,23,0.259,0.454,0.82,88.9,7.30%,109.2,37.60%,548
2016,Yasmany Tomás,ARI,31,0.272,0.508,0.82,90.6,10.10%,114.3,42.30%,530
2015,Mookie Betts,BOS,18,0.291,0.479,0.82,90.4,5.00%,110.3,37.20%,597
2022,J.T. Realmuto,PHI,22,0.276,0.478,0.82,90.3,11.30%,110.4,46.70%,504
2023,TJ Friedl,CIN,18,0.279,0.467,0.819,86.7,3.20%,107.1,27.60%,488
2020,Tommy La Stella,2 Tms,5,0.281,0.449,0.819,88,4.80%,108.8,28.30%,196
2019,Rhys Hoskins,PHI,29,0.226,0.454,0.819,89.8,8.40%,111,38.50%,570
2018,Matt Kemp,LAD,21,0.29,0.481,0.818,89.7,10.50%,111.4,37.90%,462
2019,Tommy Pham,TBR,21,0.273,0.45,0.818,90.9,7.20%,113.3,44.90%,567
2017,Carlos Santana,CLE,23,0.259,0.455,0.818,88.6,6.90%,112.3,38.40%,571
2022,Vladimir Guerrero Jr.,TOR,32,0.274,0.48,0.818,92.8,11.20%,118.4,50.40%,638
2023,Julio Rodríguez,SEA,32,0.275,0.485,0.818,92.7,11.90%,116.7,52.00%,654
2021,Willy Adames,2 Tms,25,0.262,0.481,0.818,89.5,11.40%,112.5,44.70%,497
2016,Starling Marte,PIT,9,0.311,0.456,0.818,87.5,5.20%,111.6,36.80%,489
2023,J.P. Crawford,SEA,19,0.266,0.438,0.818,88.3,4.80%,110.1,36.20%,534
2023,Christian Yelich,MIL,19,0.278,0.447,0.818,91.7,9.20%,113.5,49.90%,550
2015,Mike Moustakas,KCR,22,0.284,0.47,0.817,89.4,5.40%,112.5,36.50%,549
2017,Yuli Gurriel,HOU,18,0.299,0.486,0.817,89.9,3.20%,114.4,43.10%,529
2018,Ben Zobrist,CHC,9,0.305,0.44,0.817,89.9,2.70%,107.5,38.20%,455
2019,Corey Seager,LAD,19,0.272,0.483,0.817,88.8,6.30%,109.7,37.70%,489
2022,Anthony Rizzo,NYY,32,0.224,0.48,0.817,89.4,10.90%,113.3,40.70%,465
2016,José Bautista,TOR,22,0.234,0.452,0.817,91.5,8.00%,115.3,45.70%,423
2023,Brent Rooker,OAK,30,0.246,0.488,0.817,91.6,15.60%,112.6,49.50%,463
2020,Pete Alonso,NYM,16,0.231,0.49,0.817,90.2,12.80%,118.4,40.50%,208
2023,Kyle Schwarber,PHI,47,0.197,0.474,0.817,92.4,16.40%,115.2,48.50%,585
2020,Renato Núñez,BAL,12,0.256,0.492,0.816,86.3,12.10%,110.3,36.40%,195
2018,C.J. Cron,TBR,30,0.253,0.493,0.816,88,11.90%,114.4,36.60%,501
2021,Hunter Renfroe,BOS,31,0.259,0.501,0.816,90.1,14.40%,116.4,44.30%,521
2016,Jay Bruce,2 Tms,33,0.25,0.506,0.815,88.9,8.20%,111.8,38.20%,539
2016,George Springer,HOU,29,0.261,0.457,0.815,89.4,10.10%,115.9,37.90%,644
2018,Yasmani Grandal,LAD,24,0.241,0.466,0.815,88.9,11.00%,111,39.80%,440
2021,Randy Arozarena,TBR,20,0.274,0.459,0.815,89.9,8.20%,112.6,42.00%,529
2016,Michael Saunders,TOR,24,0.253,0.478,0.815,90,7.40%,110.4,44.50%,490
2017,Corey Dickerson,TBR,27,0.282,0.49,0.815,87.1,6.80%,112.9,31.70%,588
2022,Starling Marte,NYM,16,0.292,0.468,0.814,86.8,6.80%,113.3,33.90%,466
2020,Jackie Bradley Jr.,BOS,7,0.283,0.45,0.814,88.4,7.60%,112.4,36.10%,191
2024,Anthony Santander,BAL,44,0.235,0.506,0.814,89.8,11.70%,114.4,41.40%,595
2023,Gunnar Henderson,BAL,28,0.255,0.489,0.814,92,11.40%,113.8,51.70%,560
2023,Bo Bichette,TOR,20,0.306,0.475,0.814,90.2,9.60%,113.4,44.90%,571
2016,Bryce Harper,WSN,24,0.243,0.441,0.814,88.9,7.30%,112.7,35.80%,506
2018,Cody Bellinger,LAD,25,0.26,0.47,0.814,89.8,8.60%,112.9,38.10%,557
2022,George Springer,TOR,25,0.267,0.472,0.814,88.7,8.30%,113.6,41.90%,513
2023,Bobby Witt Jr.,KCR,30,0.276,0.495,0.813,90.7,11.50%,113.8,45.40%,641
2020,Willy Adames,TBR,8,0.259,0.481,0.813,88.8,9.90%,109.1,39.60%,185
2021,Javier Báez,2 Tms,31,0.265,0.494,0.813,90.1,13.40%,116.7,45.00%,502
2022,Brandon Drury,2 Tms,28,0.263,0.492,0.813,89.1,10.40%,112.4,41.70%,518
2018,Lorenzo Cain,MIL,10,0.308,0.417,0.813,89.1,2.70%,112.4,40.50%,539
2021,Ty France,SEA,18,0.291,0.445,0.813,88.5,6.80%,111.1,38.90%,571
2015,Mitch Moreland,TEX,23,0.278,0.482,0.812,91.4,9.60%,112.5,45.60%,471
2015,Jose Altuve,HOU,15,0.313,0.459,0.812,86.1,3.30%,106.5,28.40%,638
2016,Jason Kipnis,CLE,23,0.275,0.469,0.811,89.9,6.10%,108.2,39.50%,610
2016,Carlos Correa,HOU,20,0.274,0.451,0.811,91,7.50%,118.2,43.10%,577
2019,Whit Merrifield,KCR,16,0.302,0.463,0.811,87.1,3.40%,104.8,29.20%,681
2019,Brian Anderson,MIA,20,0.261,0.468,0.811,89.9,7.80%,114.4,46.00%,459
2017,Nick Castellanos,DET,26,0.272,0.49,0.811,89.1,9.20%,110.5,41.70%,614
2018,Shin-Soo Choo,TEX,21,0.264,0.434,0.81,89.3,10.30%,109.5,40.00%,560
2016,Asdrúbal Cabrera,NYM,23,0.28,0.474,0.81,88.9,4.80%,107.7,33.10%,521
2017,Steven Souza Jr.,TBR,30,0.239,0.459,0.81,88.8,11.80%,116.2,38.00%,523
2020,Brian Anderson,MIA,11,0.255,0.465,0.81,87.4,9.60%,109.5,39.30%,200
2018,Joey Gallo,TEX,40,0.206,0.498,0.81,94.3,22.20%,117.5,49.10%,500
2023,Paul Goldschmidt,STL,25,0.268,0.447,0.81,91.3,11.90%,111.7,50.70%,593
2018,Edwin Encarnación,CLE,32,0.246,0.474,0.81,89.9,10.40%,112.2,40.40%,500
2024,Elly De La Cruz,CIN,25,0.259,0.471,0.809,91.8,12.70%,114.7,45.70%,618
2023,Adley Rutschman,BAL,20,0.277,0.435,0.809,88.4,7.50%,111.1,38.40%,588
2020,Jesús Aguilar,MIA,8,0.277,0.457,0.809,89.3,7.20%,109.9,37.50%,188
2022,Trea Turner,LAD,21,0.298,0.466,0.809,88.9,7.60%,112.5,41.40%,652
2020,Dansby Swanson,ATL,10,0.274,0.464,0.809,89,11.40%,109.3,40.70%,237
2015,Ben Zobrist,2 Tms,13,0.276,0.45,0.809,88.6,3.10%,107.8,34.60%,467
2021,Joey Gallo,2 Tms,38,0.199,0.458,0.808,91.5,18.50%,115.1,45.50%,498
2017,Elvis Andrus,TEX,20,0.297,0.471,0.808,86.5,3.70%,108.1,31.40%,643
2023,Max Muncy,LAD,36,0.212,0.475,0.808,91.2,14.60%,111.1,46.00%,482
2023,Michael Harris II,ATL,18,0.293,0.477,0.808,90.9,10.00%,113.9,48.50%,505
2022,Kyle Tucker,HOU,30,0.257,0.478,0.808,90,10.10%,111.3,41.90%,544
2017,Matt Joyce,OAK,25,0.243,0.473,0.808,88.3,8.00%,109.7,34.70%,469
2020,Trent Grisham,SDP,10,0.251,0.456,0.808,88.3,11.00%,111.9,41.60%,215
2015,Carlos Beltrán,NYY,19,0.276,0.471,0.808,90.6,4.30%,112.8,41.90%,478
2017,Jed Lowrie,OAK,14,0.277,0.448,0.808,88.9,5.50%,106.3,37.20%,567
2018,Justin Upton,LAA,30,0.257,0.463,0.808,90.7,13.50%,114.9,47.40%,533
2018,Justin Smoak,TOR,25,0.242,0.457,0.808,89.5,10.80%,110.7,41.80%,505
2017,Christian Yelich,MIA,18,0.282,0.439,0.807,90.6,6.10%,112.4,45.30%,602
2022,Will Smith,LAD,24,0.26,0.465,0.807,89.9,10.30%,109,43.00%,508
2024,Trea Turner,PHI,21,0.295,0.469,0.807,89.1,6.90%,110.6,40.20%,505
2022,Hunter Renfroe,MIL,29,0.255,0.492,0.807,90.5,10.90%,112.5,43.30%,474
2023,Jeimer Candelario,2 Tms,22,0.251,0.471,0.807,88.3,7.80%,111.3,36.30%,505
2022,Teoscar Hernández,TOR,25,0.267,0.491,0.807,92.6,15.00%,114.1,52.70%,499
2020,Cavan Biggio,TOR,8,0.25,0.432,0.807,87.4,5.00%,103.6,30.60%,220
2022,Bryan Reynolds,PIT,27,0.262,0.461,0.807,90.2,7.90%,113.2,42.90%,542
2021,Nolan Arenado,STL,34,0.255,0.494,0.807,89,6.70%,110.6,37.10%,593
2023,Francisco Lindor,NYM,31,0.254,0.47,0.806,91.2,10.40%,112.4,43.90%,602
2015,Todd Frazier,CIN,35,0.255,0.498,0.806,89.6,8.20%,111.7,38.60%,619
2021,Tim Anderson,CHW,17,0.309,0.469,0.806,89.7,7.80%,110.2,41.80%,527
2018,Johan Camargo,ATL,19,0.272,0.457,0.806,88,4.70%,109.6,33.70%,464
2019,José Ramírez,CLE,23,0.255,0.479,0.806,89.2,6.00%,112.1,35.70%,482
2018,Nick Markakis,ATL,14,0.297,0.44,0.806,90.6,2.50%,109.3,41.50%,623
2018,Whit Merrifield,KCR,12,0.304,0.438,0.806,87,4.20%,106.4,31.00%,632
2018,Corey Dickerson,PIT,13,0.3,0.474,0.804,87.9,5.40%,111.4,31.50%,504
2020,Charlie Blackmon,COL,6,0.303,0.448,0.804,86.9,4.90%,109.7,29.70%,221
2021,Mitch Haniger,SEA,39,0.253,0.485,0.804,89.3,12.60%,110,44.70%,620
2015,Logan Forsythe,TBR,17,0.281,0.444,0.804,88.3,3.20%,108.7,31.70%,540
2023,Alex Bregman,HOU,25,0.262,0.441,0.804,88.6,5.40%,107.5,38.20%,622
2022,Christian Walker,ARI,36,0.242,0.477,0.804,90,11.50%,112.6,44.00%,583
2017,Lorenzo Cain,KCR,15,0.3,0.44,0.803,89.2,3.30%,112,35.20%,584
2023,Brandon Drury,LAA,26,0.262,0.497,0.803,89.9,11.00%,112.5,46.30%,485
2024,Christian Walker,ARI,26,0.251,0.468,0.803,91.3,13.30%,113.9,48.00%,479
2016,Matt Kemp,2 Tms,35,0.268,0.499,0.803,88.2,10.40%,110.7,37.80%,623
2017,Mookie Betts,BOS,24,0.264,0.459,0.803,88.4,4.20%,111.7,37.70%,628
2018,Eddie Rosario,MIN,24,0.288,0.479,0.803,87.7,7.20%,108.1,33.20%,559
2016,Xander Bogaerts,BOS,21,0.294,0.446,0.802,89,5.10%,113.2,33.50%,652
2022,Bo Bichette,TOR,24,0.29,0.469,0.802,91.9,9.60%,112.4,50.30%,652
2022,Matt Olson,ATL,34,0.24,0.477,0.802,92.9,13.60%,116.8,50.90%,616
2018,Jed Lowrie,OAK,23,0.267,0.448,0.801,89.2,5.50%,108,37.60%,596
2021,Trevor Story,COL,24,0.251,0.471,0.801,90.6,9.90%,111,42.60%,526
2017,Joe Mauer,MIN,7,0.305,0.417,0.801,90.6,3.80%,108.2,45.80%,525
2020,David Fletcher,LAA,3,0.319,0.425,0.801,84.7,0.50%,107,17.80%,207
2020,Christian Vázquez,BOS,7,0.283,0.457,0.801,88.4,4.60%,108.8,40.00%,173
2020,Kyle Lewis,SEA,11,0.262,0.437,0.801,88.3,11.70%,110.9,34.30%,206
2020,Joey Votto,CIN,11,0.226,0.446,0.8,87.4,9.10%,113.2,35.70%,186
2021,Jake Cronenworth,SDP,21,0.266,0.46,0.8,88.6,7.20%,110.8,34.60%,567
2016,Elvis Andrus,TEX,8,0.302,0.439,0.8,87.4,1.80%,108.4,31.80%,506
2016,Melky Cabrera,CHW,14,0.296,0.455,0.8,89.5,1.90%,110.6,34.20%,591
2023,Justin Turner,BOS,23,0.276,0.455,0.8,89.5,5.70%,108.2,39.00%,558
2017,Josh Bell,PIT,26,0.255,0.466,0.8,87.6,6.00%,112.4,33.90%,549
2016,Stephen Piscotty,STL,22,0.273,0.457,0.8,88.2,8.60%,110.7,37.30%,582
2019,Marcell Ozuna,STL,29,0.241,0.472,0.8,91.8,11.80%,115.3,48.10%,485
2019,Eddie Rosario,MIN,32,0.276,0.5,0.8,89.2,7.70%,108.6,35.70%,562
2022,Brandon Nimmo,NYM,16,0.274,0.433,0.8,89.4,7.00%,111.9,39.80%,580
2016,Mike Napoli,CLE,34,0.239,0.465,0.8,89.6,13.00%,114.2,38.60%,557
2023,Gleyber Torres,NYY,25,0.273,0.453,0.8,89.7,7.90%,112.4,40.30%,596
2019,Kevin Newman,PIT,12,0.308,0.446,0.8,85.3,2.10%,107.1,24.70%,493
2021,Michael Brantley,HOU,8,0.311,0.437,0.799,89.5,5.80%,109.4,42.90%,469
2016,Curtis Granderson,NYM,30,0.237,0.464,0.799,87.8,6.40%,109.1,32.90%,545
2021,Ozzie Albies,ATL,30,0.259,0.488,0.799,89.6,9.30%,111.4,36.80%,629
2018,José Abreu,CHW,22,0.265,0.473,0.798,91.3,8.80%,115.5,45.20%,499
2016,Rougned Odor,TEX,33,0.271,0.502,0.798,89.6,7.40%,112.1,37.80%,605
2020,Kevin Pillar,2 Tms,6,0.288,0.462,0.798,87.1,5.40%,108,36.50%,208
2019,Christian Vázquez,BOS,23,0.276,0.477,0.798,89.5,5.20%,107.4,40.30%,482
2016,Anthony Rendon,WSN,20,0.27,0.45,0.797,91,5.50%,111.4,41.70%,567
2015,Jason Heyward,STL,13,0.293,0.439,0.797,89.2,2.80%,111.2,34.60%,547
2024,Manny Machado,SDP,29,0.275,0.472,0.797,92.5,11.00%,115.6,48.80%,593
2018,Michael Conforto,NYM,28,0.243,0.448,0.797,88.1,8.50%,112.4,37.40%,543
2020,Colin Moran,PIT,10,0.247,0.472,0.797,91.9,13.40%,112,47.20%,178
2023,Anthony Santander,BAL,28,0.257,0.472,0.797,90.6,10.20%,113,46.00%,591
2023,Will Smith,LAD,19,0.261,0.438,0.797,89.3,6.70%,110.8,41.30%,464
2015,Charlie Blackmon,COL,17,0.287,0.45,0.797,86.8,3.10%,110.1,29.00%,614
2016,Wil Myers,SDP,28,0.259,0.461,0.797,88.6,7.00%,113.2,39.20%,599
2017,Javier Báez,CHC,23,0.273,0.48,0.796,87.8,7.80%,113.3,35.10%,469
2019,Avisaíl García,TBR,20,0.282,0.464,0.796,89.5,10.60%,116.2,40.30%,489
2019,Manny Machado,SDP,32,0.256,0.462,0.796,91.2,7.60%,112.6,43.70%,587
2021,Ryan Mountcastle,BAL,33,0.255,0.487,0.796,89.1,11.80%,114.6,39.70%,534
2016,Buster Posey,SFG,14,0.288,0.434,0.796,90.5,6.50%,110.2,43.00%,539
2017,Didi Gregorius,NYY,25,0.287,0.478,0.796,84.5,3.20%,106.2,20.80%,534
2017,David Peralta,ARI,14,0.293,0.444,0.796,88.1,3.20%,113.8,35.50%,525
2022,Luis Arraez,MIN,8,0.316,0.42,0.795,88.9,3.60%,107.3,30.20%,547
2020,Mark Canha,OAK,5,0.246,0.408,0.795,89.7,7.70%,108.9,38.70%,191
2021,Jeimer Candelario,DET,16,0.271,0.443,0.795,88.7,9.00%,111,39.10%,557
2016,Adam Duvall,CIN,33,0.241,0.498,0.795,88.5,11.30%,110.7,41.10%,552
2020,Franmil Reyes,CLE,9,0.275,0.45,0.795,92.4,12.90%,114.7,44.90%,211
2016,Kendrys Morales,KCR,30,0.263,0.468,0.795,92.8,10.20%,115.6,49.70%,558
2022,Rhys Hoskins,PHI,30,0.246,0.462,0.794,90.1,11.10%,112.2,44.20%,589
2016,Francisco Lindor,CLE,15,0.301,0.435,0.794,88.7,3.90%,112.1,33.10%,604
2024,Willy Adames,MIL,32,0.251,0.462,0.794,88.6,12.00%,112.3,40.50%,610
2017,César Hernández,PHI,9,0.294,0.421,0.793,85.7,2.70%,107.8,29.70%,511
2020,Aaron Hicks,NYY,6,0.225,0.414,0.793,88.2,6.90%,109.5,38.20%,169
2020,Rafael Devers,BOS,11,0.263,0.483,0.793,93,12.10%,116.7,43.60%,232
2020,Randal Grichuk,TOR,12,0.273,0.481,0.793,88.9,11.20%,110.9,39.60%,216
2023,Jack Suwinski,PIT,26,0.224,0.454,0.793,90.5,15.70%,114.7,43.40%,447
2018,Jurickson Profar,TEX,20,0.254,0.458,0.793,87.3,4.30%,112.2,31.80%,524
2024,Steven Kwan,CLE,14,0.292,0.425,0.793,86.3,2.60%,105.6,23.70%,480
2019,Adam Eaton,WSN,15,0.279,0.428,0.792,88.9,3.60%,110.7,34.30%,566
2019,Kole Calhoun,LAA,33,0.232,0.467,0.792,89.5,10.70%,110.1,41.70%,552
2015,Adam Eaton,CHW,14,0.287,0.431,0.792,88.1,2.90%,108.3,30.50%,610
2019,Jonathan Villar,BAL,24,0.274,0.453,0.792,88.9,6.60%,114,37.00%,642
2020,Eddie Rosario,MIN,13,0.257,0.476,0.792,87.5,6.20%,105,35.40%,210
2016,Danny Valencia,OAK,17,0.287,0.446,0.792,90.1,7.00%,113.8,40.50%,471
2020,Christian Walker,ARI,7,0.271,0.459,0.792,90.4,6.40%,110.4,48.50%,218
2017,Wil Myers,SDP,30,0.243,0.464,0.792,89.4,8.40%,112.5,45.20%,567
2024,Heliot Ramos,SFG,22,0.269,0.469,0.792,91.5,14.50%,111.8,47.40%,475
2016,Chris Davis,BAL,38,0.221,0.459,0.792,91.1,15.10%,111.2,44.00%,566
2018,Andrew McCutchen,2 Tms,20,0.255,0.424,0.792,90,7.90%,110.9,41.50%,569
2020,Brandon Crawford,SFG,8,0.256,0.465,0.792,88.7,9.40%,109.8,39.40%,172
2023,Ian Happ,CHC,21,0.248,0.431,0.791,89.9,9.00%,112.6,39.00%,580
2017,Scott Schebler,CIN,30,0.233,0.484,0.791,89.1,9.90%,111.2,40.80%,473
2024,Jackson Chourio,MIL,21,0.275,0.464,0.791,89.7,7.80%,111.6,44.60%,528
2024,Bryan Reynolds,PIT,24,0.275,0.447,0.791,89.9,9.60%,111.6,45.20%,622
2022,Eugenio Suárez,SEA,31,0.236,0.459,0.791,89.8,14.80%,111.4,43.50%,543
2020,Vladimir Guerrero Jr.,TOR,9,0.262,0.462,0.791,92.5,8.70%,116.1,50.80%,221
2017,Robinson Canó,SEA,23,0.28,0.453,0.791,90.3,5.50%,112.7,43.70%,592
2024,Matt Chapman,SFG,27,0.247,0.463,0.79,93.2,12.60%,114.5,48.20%,575
2023,LaMonte Wade Jr.,SFG,17,0.256,0.417,0.79,88.4,9.10%,111.5,39.80%,429
2016,Adam Eaton,CHW,14,0.284,0.428,0.79,89,2.70%,108.6,35.60%,619
2023,Xander Bogaerts,SDP,19,0.285,0.44,0.79,87.6,6.10%,111.4,34.30%,596
2024,Jose Altuve,HOU,20,0.295,0.439,0.79,86.5,6.50%,108.5,31.00%,628
2015,Justin Upton,SDP,26,0.251,0.454,0.79,89.8,9.50%,113.9,39.10%,542
2023,Bryan Reynolds,PIT,24,0.263,0.46,0.79,90.9,11.10%,112.6,47.10%,574
2023,James Outman,LAD,23,0.248,0.437,0.79,87.9,11.10%,111.4,39.50%,483
2022,J.D. Martinez,BOS,16,0.274,0.448,0.79,89.1,12.40%,111.6,41.40%,533
2015,Yunel Escobar,WSN,9,0.314,0.415,0.79,89.8,2.60%,109.5,36.30%,535
2024,Matt Olson,ATL,29,0.247,0.457,0.79,91.5,12.40%,113.9,47.40%,600
2021,Luis Urías,MIL,23,0.249,0.445,0.789,87.9,9.20%,111.5,39.60%,490
2018,Joey Wendle,TBR,7,0.3,0.435,0.789,88.8,2.70%,110.1,35.20%,487
2020,Cody Bellinger,LAD,12,0.239,0.455,0.789,89.3,9.40%,110.6,41.50%,213
2023,Randy Arozarena,TBR,23,0.254,0.425,0.789,91.7,12.30%,114.3,48.00%,551
2024,Pete Alonso,NYM,34,0.24,0.459,0.788,89.8,13.00%,116.3,45.90%,608
2020,Kyle Seager,SEA,9,0.241,0.433,0.788,89.1,10.20%,108.7,39.80%,203
2018,Matt Olson,OAK,29,0.247,0.453,0.788,93.3,11.50%,113.3,52.00%,580
2024,Eugenio Suárez,ARI,30,0.256,0.469,0.788,89.2,11.30%,111.4,42.40%,571
2023,Vladimir Guerrero Jr.,TOR,26,0.264,0.444,0.788,92.1,11.10%,116.7,49.20%,602
2022,Francisco Lindor,NYM,26,0.27,0.449,0.788,89.3,8.30%,110.7,41.10%,630
2015,Adrian Beltré,TEX,18,0.287,0.453,0.788,89.5,4.90%,109.8,40.20%,567
2022,Justin Turner,LAD,13,0.278,0.438,0.788,89.5,8.00%,108.9,40.60%,468
2023,Nick Castellanos,PHI,29,0.272,0.476,0.788,88.9,10.30%,111.2,43.00%,626
2021,Jesús Aguilar,MIA,22,0.261,0.459,0.788,89.6,8.40%,110.6,40.50%,449
2015,Russell Martin,TOR,23,0.24,0.458,0.787,89.3,7.40%,111.5,39.40%,441
2017,Adam Jones,BAL,26,0.285,0.466,0.787,86.8,5.70%,110.9,30.30%,597
2015,Albert Pujols,LAA,40,0.244,0.48,0.787,90.7,7.10%,114,38.30%,602
2018,Starling Marte,PIT,20,0.277,0.46,0.787,88.4,7.30%,112,38.10%,559
2016,Yadier Molina,STL,8,0.307,0.427,0.787,87.7,2.70%,106.6,27.70%,534
2021,Yoán Moncada,CHW,14,0.263,0.412,0.787,90.1,8.20%,113.8,40.50%,520
2022,Alejandro Kirk,TOR,14,0.285,0.415,0.786,90.5,6.70%,110.1,45.00%,470
2020,Christian Yelich,MIL,12,0.205,0.43,0.786,94,12.10%,112,55.60%,200
2016,Brad Miller,TBR,30,0.243,0.482,0.786,90.5,9.00%,113.1,42.50%,548
2024,Salvador Perez,KCR,27,0.271,0.456,0.786,91.1,12.20%,113.3,44.20%,590
2016,Kole Calhoun,LAA,18,0.271,0.438,0.786,89.7,5.20%,109.6,39.90%,594
2021,Eduardo Escobar,2 Tms,28,0.253,0.472,0.786,87,8.90%,110.8,34.00%,549
2021,Enrique Hernández,BOS,20,0.25,0.449,0.786,90.8,8.40%,111.3,43.20%,508
2016,Gregory Polanco,PIT,22,0.258,0.463,0.786,89.9,5.80%,113.7,39.80%,527
2019,Yasiel Puig,2 Tms,24,0.267,0.458,0.785,90,8.50%,114.4,38.30%,555
2017,Asdrúbal Cabrera,NYM,14,0.28,0.434,0.785,87.2,4.50%,105.3,32.60%,479
2021,Lourdes Gurriel Jr.,TOR,21,0.276,0.466,0.785,89.7,9.60%,110.7,42.70%,500
2023,Lars Nootbaar,STL,14,0.261,0.418,0.784,89.1,8.80%,112.2,37.80%,426
2017,Whit Merrifield,KCR,19,0.288,0.46,0.784,87.6,4.50%,110.5,29.40%,587
2016,Adrián González,LAD,18,0.285,0.435,0.784,88.2,3.90%,107.8,33.50%,568
2022,Josh Bell,2 Tms,17,0.266,0.422,0.784,88.9,7.20%,112.2,40.50%,552
2021,Jean Segura,PHI,14,0.29,0.436,0.784,87.2,5.90%,113.1,37.40%,514
2015,Chris Coghlan,CHC,16,0.25,0.443,0.784,88.5,4.60%,107.5,33.30%,440
2020,Nick Castellanos,CIN,14,0.225,0.486,0.784,91,16.00%,108.5,46.00%,218
2019,Kolten Wong,STL,11,0.285,0.423,0.784,86.1,2.00%,107.7,25.10%,478
2023,Lane Thomas,WSN,28,0.268,0.468,0.783,88.5,9.60%,111.4,40.50%,628
2021,Anthony Rizzo,2 Tms,22,0.248,0.44,0.783,90.1,7.70%,115.2,40.80%,496
2015,Stephen Vogt,OAK,18,0.261,0.443,0.783,86.9,4.50%,109.4,30.10%,445
2022,C.J. Cron,COL,29,0.257,0.468,0.783,88.6,10.80%,115.5,42.20%,575
2019,Asdrúbal Cabrera,2 Tms,18,0.26,0.441,0.783,89.1,5.70%,108.4,35.30%,447
2023,Masataka Yoshida,BOS,15,0.289,0.445,0.783,89,6.60%,112.3,40.60%,537
2017,DJ LeMahieu,COL,8,0.31,0.409,0.783,89.2,1.50%,109.2,41.20%,609
2017,J.T. Realmuto,MIA,17,0.278,0.451,0.783,88.2,6.10%,111.4,35.40%,532
2015,Adam Jones,BAL,27,0.269,0.474,0.782,88.2,8.70%,112.2,34.50%,546
2015,Brandon Crawford,SFG,21,0.256,0.462,0.782,90.3,8.40%,110.6,42.60%,507
2021,Chris Taylor,LAD,20,0.254,0.438,0.782,88.2,10.20%,110.7,38.10%,507
2024,Ian Happ,CHC,25,0.243,0.441,0.782,90.8,11.70%,114,44.90%,569
2024,Tyler Stephenson,CIN,19,0.258,0.444,0.782,90.2,9.10%,111,43.90%,457
2017,Adam Duvall,CIN,31,0.249,0.48,0.782,87.3,8.40%,110.8,32.50%,587
2021,J.T. Realmuto,PHI,17,0.263,0.439,0.782,89.6,8.60%,111.2,44.70%,476
2023,Manny Machado,SDP,30,0.258,0.462,0.782,91,10.50%,114.5,45.90%,543
2016,Ian Desmond,TEX,22,0.285,0.446,0.782,90.7,7.30%,112,43.40%,625
2015,Christian Yelich,MIA,7,0.3,0.416,0.782,91.7,4.30%,112.5,45.10%,476
2017,Manny Machado,BAL,33,0.259,0.471,0.782,91.3,9.40%,116.3,47.50%,630
2017,Tim Beckham,2 Tms,22,0.278,0.454,0.782,88.5,8.20%,110.1,39.70%,533
2022,Ian Happ,CHC,17,0.271,0.44,0.781,89.7,6.50%,113.9,40.20%,573
2015,Josh Reddick,OAK,20,0.272,0.449,0.781,88.4,4.70%,108.7,32.30%,526
2020,Eugenio Suárez,CIN,15,0.202,0.47,0.781,89.1,14.40%,111.4,43.90%,198
2016,Odúbel Herrera,PHI,15,0.286,0.42,0.781,87.7,4.00%,113.5,30.90%,583
2023,Josh Jung,TEX,23,0.266,0.467,0.781,91.8,11.90%,110,47.10%,478
2015,Starling Marte,PIT,19,0.287,0.444,0.78,87.8,6.70%,111.9,35.10%,579
2021,Dylan Carlson,STL,18,0.266,0.437,0.78,88.2,7.00%,109,30.60%,542
2024,Jorge Soler,2 Tms,21,0.241,0.442,0.78,90.5,12.30%,115.4,43.70%,493
2016,Albert Pujols,LAA,31,0.268,0.457,0.78,91.6,8.80%,116.5,44.10%,593
2019,Daniel Vogelbach,SEA,30,0.208,0.439,0.78,88.8,9.80%,113.1,37.80%,462
2017,Shin-Soo Choo,TEX,22,0.261,0.423,0.78,88.7,8.60%,109.8,37.30%,544
2015,Gerardo Parra,2 Tms,14,0.291,0.452,0.78,88.2,2.80%,108.3,29.70%,547
2018,George Springer,HOU,22,0.265,0.434,0.78,88.6,8.90%,114.7,36.80%,544
2021,Ryan McMahon,COL,23,0.254,0.449,0.779,90.5,7.30%,111.5,43.30%,528
2015,Robinson Canó,SEA,21,0.287,0.446,0.779,91,6.90%,112.5,45.70%,624
2024,Alec Bohm,PHI,15,0.28,0.448,0.779,90.5,6.50%,110.8,45.10%,554
2015,Kyle Seager,SEA,26,0.266,0.451,0.779,89.3,6.80%,109.3,34.60%,623
2019,Ryan McMahon,COL,24,0.25,0.45,0.779,91.9,8.70%,112.9,47.80%,480
2021,Adam Frazier,2 Tms,5,0.305,0.411,0.779,85.4,1.00%,108.7,25.00%,577
2021,Andrew McCutchen,PHI,27,0.222,0.444,0.778,88.8,9.00%,110.8,39.50%,482
2020,Maikel Franco,KCR,8,0.278,0.457,0.778,86.7,5.80%,112.5,38.60%,223
2023,Trea Turner,PHI,26,0.266,0.459,0.778,89.9,8.40%,110.8,42.20%,639
2021,Miguel Sanó,MIN,30,0.223,0.466,0.778,93.4,17.70%,117.1,55.60%,470
2017,Brett Gardner,NYY,21,0.264,0.428,0.778,86.4,2.90%,107.9,31.00%,594
2016,Logan Forsythe,TBR,20,0.264,0.444,0.778,90,6.70%,109.4,38.90%,511
2017,Odúbel Herrera,PHI,14,0.281,0.452,0.778,87.2,5.00%,114.6,32.30%,526
2021,Alex Verdugo,BOS,13,0.289,0.426,0.777,90,7.10%,110.8,43.00%,544
2015,Troy Tulowitzki,2 Tms,17,0.28,0.44,0.777,90,5.30%,112.1,40.40%,486
2015,Dee Strange-Gordon,MIA,4,0.333,0.418,0.776,84.4,0.90%,106.9,17.20%,615
2017,Jean Segura,SEA,11,0.3,0.427,0.776,87.6,2.90%,109.1,34.10%,524
2024,Josh Naylor,CLE,31,0.243,0.456,0.776,89.9,8.40%,110.9,40.80%,563
2022,Dansby Swanson,ATL,25,0.277,0.447,0.776,90.2,10.80%,109.6,46.10%,640
2015,Xander Bogaerts,BOS,7,0.32,0.421,0.776,88.1,2.10%,111.8,33.80%,613
2017,Andrew Benintendi,BOS,20,0.271,0.424,0.776,87.5,5.30%,108.5,33.20%,573
2016,Martín Prado,MIA,8,0.305,0.417,0.775,87.8,1.10%,105.8,30.80%,600
2018,Chris Taylor,LAD,17,0.254,0.444,0.775,88.9,7.70%,111.5,37.60%,536
2016,Justin Upton,DET,31,0.246,0.465,0.775,91.3,12.20%,114.4,45.50%,570
2017,Curtis Granderson,2 Tms,26,0.212,0.452,0.775,87.7,9.10%,109.2,34.00%,449
2023,Nathaniel Lowe,TEX,17,0.262,0.414,0.775,89.8,6.50%,111.2,41.40%,623
2024,Michael Busch,CHC,21,0.248,0.44,0.775,90,11.20%,109.3,39.90%,496
2023,Nolan Arenado,STL,26,0.266,0.459,0.774,88.8,7.30%,110.3,38.10%,560
2018,Mike Moustakas,2 Tms,28,0.251,0.459,0.774,89.5,8.20%,112.2,39.10%,573
2019,Andrew Benintendi,BOS,13,0.266,0.431,0.774,89.1,7.10%,107.7,37.70%,541
2022,Ty France,SEA,20,0.274,0.436,0.774,87.6,5.40%,110.4,36.50%,551
2018,Asdrúbal Cabrera,2 Tms,23,0.262,0.458,0.774,90.1,6.80%,108.3,39.60%,546
2016,Marcell Ozuna,MIA,23,0.266,0.452,0.773,90.9,7.60%,113.8,41.90%,557
2018,Mallex Smith,TBR,2,0.296,0.406,0.773,85.8,1.00%,104.7,23.00%,480
2022,Anthony Santander,BAL,33,0.24,0.455,0.773,90.1,11.60%,112,43.30%,574
2024,Oneil Cruz,PIT,21,0.259,0.449,0.773,95.5,15.70%,121.5,54.90%,541
2020,David Peralta,ARI,5,0.3,0.433,0.773,89.2,5.00%,113.8,36.30%,203
2017,Kyle Seager,SEA,27,0.249,0.45,0.773,88.3,8.20%,109.1,33.50%,578
2020,Yasmani Grandal,CHW,8,0.23,0.422,0.773,90.3,7.60%,110.5,42.90%,161
2022,Randy Arozarena,TBR,20,0.263,0.445,0.773,89.9,7.90%,114.1,40.70%,586
2021,Adam Duvall,2 Tms,38,0.228,0.491,0.772,89.8,16.10%,113.8,43.90%,513
2022,Steven Kwan,CLE,6,0.298,0.4,0.772,85.1,1.40%,107.1,20.80%,563
2016,Brandon Crawford,SFG,12,0.275,0.43,0.772,88.9,4.00%,109.4,34.50%,553
2021,Austin Meadows,TBR,27,0.234,0.458,0.772,89.3,8.70%,110.3,37.60%,518
2022,Andrew Benintendi,2 Tms,5,0.304,0.399,0.772,89.2,5.10%,109.8,38.50%,461
2022,Corey Seager,TEX,33,0.245,0.455,0.772,91.1,10.50%,111.3,45.50%,593
2017,Todd Frazier,2 Tms,27,0.213,0.428,0.772,87.5,9.00%,109.8,30.20%,474
2021,Robbie Grossman,DET,23,0.239,0.415,0.772,87.8,7.60%,110.9,33.90%,557
2023,Lourdes Gurriel Jr.,ARI,24,0.261,0.463,0.772,89.7,8.40%,108.9,46.00%,551
2019,Jason Heyward,CHC,21,0.251,0.429,0.772,88.8,4.90%,111.8,36.20%,513
2019,Vladimir Guerrero Jr.,TOR,15,0.272,0.433,0.772,89.4,7.20%,118.9,38.70%,464
2020,Raimel Tapia,COL,1,0.321,0.402,0.772,85.3,2.00%,107.2,29.60%,184
2021,Nathaniel Lowe,TEX,18,0.264,0.415,0.771,90.8,9.50%,113.9,45.50%,557
2016,J.T. Realmuto,MIA,11,0.303,0.428,0.771,88.6,3.90%,109.7,35.20%,509
2020,Jurickson Profar,SDP,7,0.278,0.428,0.771,87.2,3.20%,107.7,27.70%,180
2017,Josh Harrison,PIT,16,0.272,0.432,0.771,84.9,2.50%,103.2,23.70%,486
2015,Francisco Cervelli,PIT,7,0.295,0.401,0.771,88.3,3.90%,111.1,35.60%,451
2019,Renato Núñez,BAL,31,0.244,0.46,0.771,89.9,10.70%,114.8,40.80%,541
2018,Teoscar Hernández,TOR,22,0.239,0.468,0.771,91.9,14.90%,112.2,46.20%,476
2023,Fernando Tatis Jr.,SDP,25,0.257,0.449,0.77,91.9,11.00%,113.4,48.90%,575
2015,Daniel Murphy,NYM,14,0.281,0.449,0.77,89.9,3.60%,113.3,37.90%,499
2015,Ian Kinsler,DET,11,0.296,0.428,0.77,86.1,2.60%,105.5,26.40%,624
2019,Domingo Santana,SEA,21,0.253,0.441,0.77,89,12.00%,109.5,40.50%,451
2020,Starling Marte,2 Tms,6,0.281,0.43,0.77,87.1,6.40%,110.6,30.30%,228
2022,Mark Canha,NYM,13,0.266,0.403,0.77,87.7,4.90%,108,36.30%,462
2023,Austin Hays,BAL,16,0.275,0.444,0.769,89.4,8.90%,111,40.10%,520
2017,Mitch Moreland,BOS,22,0.246,0.443,0.769,89.3,11.20%,113.3,36.40%,508
2020,Jean Segura,PHI,7,0.266,0.422,0.769,87.7,6.10%,109.4,38.50%,192
2021,Austin Hays,BAL,22,0.256,0.461,0.769,88.8,9.10%,110.3,39.00%,488
2019,Joey Votto,CIN,15,0.261,0.411,0.768,88.9,6.40%,109.5,37.30%,525
2018,Ketel Marte,ARI,14,0.26,0.437,0.768,88.8,4.50%,115.1,36.50%,520
2024,Alex Bregman,HOU,26,0.26,0.453,0.768,89.1,6.20%,109.1,40.10%,581
2017,Joe Panik,SFG,10,0.288,0.421,0.768,85,2.40%,108,23.70%,511
2021,Mike Yastrzemski,SFG,25,0.224,0.457,0.768,89.5,10.30%,109.4,39.30%,468
2018,Josh Bell,PIT,12,0.261,0.411,0.768,90.2,6.20%,115.6,38.80%,501
2024,Colton Cowser,BAL,24,0.242,0.447,0.768,90.5,13.60%,113.6,45.20%,499
2019,Wilson Ramos,NYM,14,0.288,0.416,0.768,90,3.70%,111,42.50%,473
2022,Rowdy Tellez,MIL,35,0.219,0.461,0.767,91.1,12.90%,116.9,45.70%,529
2022,Gio Urshela,MIN,13,0.285,0.429,0.767,88.9,7.00%,110.3,37.60%,501
2016,Todd Frazier,CHW,40,0.225,0.464,0.767,89.1,9.70%,113.5,35.40%,590
2018,Carlos Santana,PHI,24,0.229,0.414,0.766,88.9,6.70%,113.5,38.90%,560
2021,Andrew Benintendi,KCR,17,0.276,0.442,0.766,89.6,8.90%,107.6,42.70%,493
2016,Andrew McCutchen,PIT,24,0.256,0.43,0.766,89.6,7.60%,111.4,41.70%,598
2024,Yainer Diaz,HOU,16,0.299,0.441,0.766,90.2,7.60%,111.4,46.90%,585
2017,Trevor Story,COL,24,0.239,0.457,0.765,89.4,9.30%,110.1,38.30%,503
2023,Alec Bohm,PHI,20,0.274,0.437,0.765,89.4,5.70%,109.3,41.70%,558
2024,Jesse Winker,2 Tms,14,0.253,0.405,0.764,88.6,7.60%,109.2,36.80%,430
2016,César Hernández,PHI,6,0.294,0.393,0.764,87,1.80%,106.5,29.00%,547
2022,Ronald Acuña Jr.,ATL,15,0.266,0.413,0.764,91.2,12.80%,116.6,49.70%,467
2020,Whit Merrifield,KCR,9,0.282,0.44,0.764,86.1,5.10%,105.8,27.30%,248
2015,Evan Longoria,TBR,21,0.27,0.435,0.764,89.6,7.70%,109.2,39.30%,604
2024,Brenton Doyle,COL,23,0.26,0.446,0.764,89.1,10.50%,110.1,40.90%,542
2024,Ezequiel Tovar,COL,26,0.269,0.469,0.763,88.8,9.00%,110.6,39.70%,655
2015,Joc Pederson,LAD,26,0.21,0.417,0.763,91.2,11.10%,114.3,45.20%,480
2020,Willson Contreras,CHC,7,0.243,0.407,0.763,89.8,10.40%,114.1,47.00%,189
2020,César Hernández,CLE,3,0.283,0.408,0.763,89.1,3.90%,108.2,37.10%,233
2017,Carlos González,COL,14,0.262,0.423,0.762,87.5,5.30%,117.1,37.00%,470
2023,J.T. Realmuto,PHI,20,0.252,0.452,0.762,89.8,11.20%,110.6,42.70%,489
2024,Nathaniel Lowe,TEX,16,0.265,0.401,0.762,88.9,5.80%,111.8,39.50%,486
2024,Luis García Jr.,WSN,18,0.282,0.444,0.762,89.1,8.00%,110.7,41.20%,500
2015,Odúbel Herrera,PHI,8,0.297,0.418,0.762,88.7,3.00%,113.3,33.90%,495
2019,Paul DeJong,STL,30,0.233,0.444,0.762,87.1,8.40%,111.7,33.20%,583
2023,Ke'Bryan Hayes,PIT,15,0.271,0.453,0.762,92.2,7.40%,113.1,48.30%,494
2015,Matt Duffy,SFG,12,0.295,0.428,0.762,88,3.50%,106.4,31.80%,573
2023,Cal Raleigh,SEA,30,0.232,0.456,0.762,89.5,12.60%,113.7,40.70%,513
2019,Evan Longoria,SFG,20,0.254,0.437,0.762,89.7,6.60%,110.3,40.80%,453
2024,JJ Bleday,OAK,20,0.243,0.437,0.762,88.5,8.30%,113.3,36.20%,572
2016,Eric Hosmer,KCR,25,0.266,0.433,0.761,91.9,8.20%,114.9,43.80%,605
2016,Corey Dickerson,TBR,24,0.245,0.469,0.761,89,9.50%,112.7,38.00%,510
2016,Troy Tulowitzki,TOR,24,0.254,0.443,0.761,90,9.40%,111.1,40.50%,492
2021,Charlie Blackmon,COL,13,0.27,0.411,0.761,87.6,7.00%,109.8,38.30%,514
2020,J.D. Davis,NYM,6,0.247,0.389,0.761,90.1,8.90%,111.2,45.20%,190
2022,Gleyber Torres,NYY,24,0.257,0.451,0.761,90.4,10.70%,111.3,44.90%,526
2024,Zach Neto,LAA,23,0.249,0.443,0.761,88.5,8.40%,111.3,38.60%,542
2024,Jake Burger,MIA,29,0.25,0.46,0.76,91.3,12.30%,115.5,46.80%,535
2021,Dansby Swanson,ATL,27,0.248,0.449,0.76,89.3,11.40%,109.6,42.40%,588
2024,Vinnie Pasquantino,KCR,19,0.262,0.446,0.76,91,7.10%,112.2,45.80%,496
2020,Max Kepler,MIN,9,0.228,0.439,0.76,88.5,5.10%,110.3,38.20%,171
2024,Will Smith,LAD,20,0.248,0.433,0.76,89.4,10.80%,109.1,40.90%,476
2018,Trea Turner,WSN,19,0.271,0.416,0.76,89.1,5.60%,112.3,38.60%,664
2024,Jazz Chisholm Jr.,2 Tms,24,0.256,0.436,0.76,89.7,9.70%,110.1,40.80%,562
2024,Brendan Donovan,STL,14,0.278,0.417,0.759,88.7,5.50%,108.7,37.60%,587
2017,Ender Inciarte,ATL,11,0.304,0.409,0.759,82.8,0.50%,102.7,13.00%,662
2015,Mark Trumbo,2 Tms,22,0.262,0.449,0.759,92,9.00%,116.5,42.70%,508
2022,Sean Murphy,OAK,18,0.25,0.426,0.759,88.7,10.50%,114,41.10%,537
2023,Spencer Torkelson,DET,31,0.233,0.446,0.758,91.8,14.10%,112.7,50.50%,606
2017,Chase Headley,NYY,12,0.273,0.406,0.758,87.2,4.40%,107.9,33.20%,512
2018,Marcell Ozuna,STL,23,0.28,0.433,0.758,91.4,9.20%,117.2,44.40%,582
2021,Trey Mancini,BAL,21,0.255,0.432,0.758,88.9,10.40%,113.9,41.50%,556
2016,Eduardo Núñez,2 Tms,16,0.288,0.432,0.758,89.6,4.20%,112,37.00%,553
2021,Ian Happ,CHC,25,0.226,0.434,0.757,89.5,11.20%,112.1,41.00%,465
2015,Dexter Fowler,CHC,17,0.25,0.411,0.757,87.2,4.00%,110.1,30.00%,596
2020,Andrew McCutchen,PHI,10,0.253,0.433,0.757,89.7,8.20%,109.9,41.20%,217
2018,Ozzie Albies,ATL,24,0.261,0.452,0.757,86.8,4.00%,109.9,29.40%,639
2022,Matt Chapman,TOR,27,0.229,0.433,0.757,92.2,12.90%,112.7,50.70%,538
2018,Brian Anderson,MIA,11,0.273,0.4,0.757,90.2,5.60%,113.3,42.30%,590
2024,Lourdes Gurriel Jr.,ARI,18,0.279,0.435,0.757,88.4,6.70%,110.6,39.80%,513
2020,Miguel Sanó,MIN,13,0.204,0.478,0.757,95.2,22.90%,115.8,57.30%,186
2022,Willy Adames,MIL,31,0.238,0.458,0.756,88.9,13.00%,110.6,43.40%,563
2015,Brian McCann,NYY,26,0.232,0.437,0.756,89.5,4.30%,112.6,36.00%,465
2022,Adolis García,TEX,27,0.25,0.456,0.756,92.1,12.90%,113,47.40%,605
2015,Neil Walker,PIT,16,0.269,0.427,0.756,88.9,4.10%,107.4,37.90%,543
2017,Denard Span,SFG,12,0.272,0.427,0.756,85.3,3.30%,108.5,25.10%,497
2021,Jonathan Schoop,DET,22,0.278,0.435,0.755,88.1,6.80%,117.1,40.20%,623
2018,Jean Segura,SEA,10,0.304,0.415,0.755,87.7,3.20%,111.6,32.10%,586
2020,Anthony Rizzo,CHC,11,0.222,0.414,0.755,87.7,7.80%,114.5,34.70%,203
2024,Yandy Díaz,TBR,14,0.281,0.414,0.755,92.2,7.60%,117.4,48.50%,563
2023,Mark Canha,2 Tms,11,0.262,0.4,0.755,87.9,4.70%,109.4,36.70%,435
2019,Amed Rosario,NYM,15,0.287,0.432,0.755,89.4,4.00%,110.3,39.20%,616
2023,Matt Chapman,TOR,17,0.24,0.424,0.755,93.5,17.10%,114.3,56.10%,509
2015,Matt Kemp,SDP,23,0.265,0.443,0.755,89.5,7.00%,109,40.00%,596
2023,Eddie Rosario,ATL,21,0.255,0.45,0.755,88.6,9.50%,110.4,35.10%,478
2018,Andrelton Simmons,LAA,11,0.292,0.417,0.754,88.2,3.30%,109.7,36.00%,554
2019,Dexter Fowler,STL,19,0.238,0.409,0.754,85.5,7.10%,111.1,28.30%,487
2017,Ryon Healy,OAK,25,0.271,0.451,0.754,88.3,7.30%,112.7,40.10%,576
2019,Adam Frazier,PIT,10,0.278,0.417,0.753,87.2,1.90%,106.1,28.10%,554
2017,Kendrys Morales,TOR,28,0.25,0.445,0.753,91.2,9.10%,113,45.80%,557
2023,Ryan McMahon,COL,23,0.24,0.431,0.753,90.8,11.40%,113.2,44.20%,555
2019,Nick Ahmed,ARI,19,0.254,0.437,0.753,87.8,5.70%,108.3,34.00%,556
2018,Nomar Mazara,TEX,20,0.258,0.436,0.753,90.5,8.00%,117.1,43.10%,489
2020,Asdrúbal Cabrera,WSN,8,0.242,0.447,0.753,89.5,6.50%,107,38.30%,190
2021,Josh Rojas,ARI,11,0.264,0.411,0.752,88.2,4.80%,104.6,30.70%,484
2016,Jayson Werth,WSN,21,0.244,0.417,0.752,91.3,6.90%,114.7,44.60%,525
2016,Jonathan Schoop,BAL,25,0.267,0.454,0.752,87.4,6.20%,113.6,35.30%,615
2015,Carlos Santana,CLE,19,0.231,0.395,0.752,89.2,6.70%,111.4,39.50%,550
2017,Andrelton Simmons,LAA,14,0.278,0.421,0.752,86.1,2.50%,109.7,28.50%,589
2016,Joe Mauer,MIN,11,0.261,0.389,0.752,89.8,5.00%,108,42.90%,494
2024,Cody Bellinger,CHC,18,0.266,0.426,0.751,87.8,6.30%,109.2,32.40%,516
2019,Colin Moran,PIT,13,0.277,0.429,0.751,88.2,6.50%,110.1,34.30%,466
2018,Yuli Gurriel,HOU,13,0.291,0.428,0.751,89.3,1.70%,107.9,36.20%,537
2018,Derek Dietrich,MIA,16,0.265,0.421,0.751,87.4,5.80%,111,37.70%,499
2015,Brian Dozier,MIN,28,0.236,0.444,0.751,87.2,5.50%,108.9,31.10%,628
2017,Yadier Molina,STL,18,0.273,0.439,0.751,87.9,5.90%,106.2,34.10%,501
2019,Hanser Alberto,BAL,12,0.305,0.422,0.751,84.4,2.30%,103.6,18.50%,524
2016,Didi Gregorius,NYY,20,0.276,0.447,0.751,86.1,2.40%,108.8,25.10%,562
2018,Rougned Odor,TEX,18,0.253,0.424,0.751,90.7,6.80%,112.6,38.10%,474
2022,Andrew Vaughn,CHW,17,0.271,0.429,0.75,90.8,7.90%,112.1,48.40%,510
2018,Yadier Molina,STL,20,0.261,0.436,0.75,88.2,5.30%,107.2,33.60%,459
2020,Francisco Lindor,CLE,8,0.258,0.415,0.75,89.9,5.60%,111.4,41.10%,236
2016,Ángel Pagán,SFG,12,0.277,0.418,0.75,85.7,2.50%,107,21.40%,495
2024,Jonathan India,CIN,15,0.248,0.392,0.75,87.2,7.70%,110.8,36.20%,533
2017,Hanley Ramirez,BOS,23,0.242,0.429,0.75,88.5,9.50%,114.3,38.40%,496
2024,Corbin Carroll,ARI,22,0.231,0.428,0.749,89.3,7.20%,111.5,40.60%,589
2018,DJ LeMahieu,COL,15,0.276,0.428,0.749,91.3,4.30%,109.3,42.80%,533
2023,Ha-Seong Kim,SDP,17,0.26,0.398,0.749,86.2,4.20%,108.5,26.20%,538
2021,Jorge Soler,2 Tms,27,0.223,0.432,0.749,91.1,12.40%,117.9,45.70%,516
2024,Carlos Santana,MIN,23,0.238,0.42,0.749,89.2,7.30%,113.6,39.90%,521
2022,Seth Brown,OAK,25,0.23,0.444,0.749,89.2,13.00%,112.9,40.80%,500
2024,Taylor Ward,LAA,25,0.246,0.426,0.748,90.9,13.00%,109.4,42.10%,585
2024,Cal Raleigh,SEA,34,0.22,0.436,0.748,91,15.40%,113.9,48.10%,546
2019,Dansby Swanson,ATL,17,0.251,0.422,0.748,89.9,7.70%,108.4,41.60%,483
2015,Evan Gattis,HOU,27,0.246,0.463,0.748,88.9,5.50%,112.3,39.20%,566
2015,Yangervis Solarte,SDP,14,0.27,0.428,0.748,88.2,2.30%,110.6,31.60%,526
2023,Bryson Stott,PHI,15,0.28,0.419,0.747,88.1,4.70%,108,35.20%,585
2023,Carlos Santana,2 Tms,23,0.24,0.429,0.747,88.8,6.70%,111.7,36.20%,550
2024,CJ Abrams,WSN,20,0.246,0.433,0.747,88.2,6.90%,110,40.40%,541
2015,Ender Inciarte,ARI,6,0.303,0.408,0.747,85.5,0.60%,107.3,19.70%,524
2015,DJ LeMahieu,COL,6,0.301,0.388,0.746,90.5,1.70%,108,39.80%,564
2017,Melky Cabrera,2 Tms,17,0.285,0.423,0.746,88.3,3.60%,113.6,35.00%,620
2016,Adam Jones,BAL,29,0.265,0.436,0.746,88.8,7.00%,110.5,34.90%,619
2017,Xander Bogaerts,BOS,10,0.273,0.403,0.746,87.3,0.90%,113.9,31.70%,571
2015,Nick Markakis,ATL,3,0.296,0.376,0.746,88.3,0.80%,108.5,33.60%,612
2023,Jonathan India,CIN,17,0.244,0.407,0.746,89.5,7.70%,111.4,38.60%,454
2021,Mark Canha,OAK,17,0.231,0.387,0.746,87.3,7.10%,107.7,35.40%,519
2020,Miguel Cabrera,DET,10,0.25,0.417,0.746,93.2,9.70%,112.2,49.70%,204
2018,Justin Bour,2 Tms,20,0.227,0.404,0.746,88.9,10.30%,115.5,39.10%,423
2017,Nomar Mazara,TEX,20,0.253,0.422,0.745,89,6.30%,113.6,37.00%,554
2015,Jhonny Peralta,STL,17,0.275,0.411,0.745,88.1,3.80%,109.4,33.50%,579
2016,Yunel Escobar,LAA,5,0.304,0.391,0.745,89.3,2.80%,109.5,35.70%,517
2023,Alex Verdugo,BOS,13,0.264,0.421,0.745,89.2,5.00%,112.4,37.60%,546
2019,Victor Robles,WSN,17,0.255,0.419,0.745,83.3,4.60%,110.5,23.00%,546
2022,Daulton Varsho,ARI,27,0.235,0.443,0.745,87.7,10.20%,110.3,35.30%,531
2015,Asdrúbal Cabrera,TBR,15,0.265,0.43,0.744,88.3,4.90%,106.7,32.30%,505
2023,Josh Bell,2 Tms,22,0.247,0.419,0.744,90.1,10.00%,114,42.60%,547
2016,Nick Markakis,ATL,13,0.269,0.397,0.744,90.7,4.30%,114.3,42.80%,599
2019,Miguel Cabrera,DET,12,0.282,0.398,0.744,90.3,5.40%,111.4,44.40%,493
2021,Nicky Lopez,KCR,2,0.3,0.378,0.744,86.8,0.70%,107.9,26.50%,497
2023,Dansby Swanson,CHC,22,0.244,0.416,0.744,89.3,10.90%,109.1,39.50%,565
2023,Andrew Vaughn,CHW,21,0.258,0.429,0.743,90.6,8.40%,111.7,46.50%,566
2015,Marlon Byrd,2 Tms,23,0.247,0.453,0.743,86.3,7.90%,108.8,31.10%,506
2019,Jean Segura,PHI,12,0.28,0.42,0.743,88.2,3.20%,113.1,32.70%,576
2019,Brandon Belt,SFG,17,0.234,0.403,0.742,87.3,7.90%,106.6,35.70%,526
2018,José Peraza,CIN,14,0.288,0.416,0.742,85.8,2.30%,108.7,23.50%,632
2015,Trevor Plouffe,MIN,22,0.244,0.435,0.742,89.8,7.50%,108.2,38.80%,573
2015,Brett Gardner,NYY,16,0.259,0.399,0.742,88.8,3.80%,109.7,34.70%,571
2024,Nick Castellanos,PHI,23,0.254,0.431,0.742,88.3,7.90%,113.1,37.70%,606
2019,César Hernández,PHI,14,0.279,0.408,0.741,86,2.50%,108.4,28.30%,612
2021,Josh Harrison,2 Tms,8,0.279,0.4,0.741,87.2,4.40%,108.2,32.30%,505
2023,Orlando Arcia,ATL,17,0.264,0.42,0.741,88.2,6.90%,109.4,40.90%,488
2022,Ryan McMahon,COL,20,0.246,0.414,0.741,91.7,10.40%,113.7,46.30%,529
2019,Alex Gordon,KCR,13,0.266,0.396,0.741,88.7,5.40%,110.6,38.40%,556
2021,Adolis García,TEX,31,0.243,0.454,0.741,91,11.50%,112.4,45.30%,581
2023,Teoscar Hernández,SEA,26,0.258,0.435,0.741,91.3,13.80%,112.6,49.40%,625
2021,Trent Grisham,SDP,15,0.242,0.413,0.74,88.8,5.20%,109.4,36.50%,462
2021,Yandy Díaz,TBR,13,0.256,0.387,0.74,89.9,7.00%,113.5,40.60%,465
2024,Wyatt Langford,TEX,16,0.253,0.415,0.74,89.6,9.30%,111.9,43.40%,499
2024,Isaac Paredes,2 Tms,19,0.238,0.393,0.739,85,4.50%,107.3,27.10%,542
2022,Josh Rojas,ARI,9,0.269,0.391,0.739,88.8,4.50%,109.1,36.10%,443
2016,Nomar Mazara,TEX,20,0.266,0.419,0.739,88,5.80%,117.8,34.80%,516
2024,Andrew McCutchen,PIT,20,0.232,0.411,0.739,88.4,11.70%,109.8,36.30%,448
2024,Luis Arraez,2 Tms,4,0.314,0.392,0.739,86.3,1.60%,108.4,23.10%,637
2017,David Freese,PIT,10,0.263,0.371,0.739,88.9,5.40%,110.2,42.70%,426
2024,Shea Langeliers,OAK,29,0.224,0.45,0.739,91.3,12.80%,113.7,44.00%,482
2019,Jackie Bradley Jr.,BOS,21,0.225,0.421,0.738,90.2,9.00%,112.1,44.80%,494
2021,Jonathan Villar,NYM,18,0.249,0.416,0.738,88,7.10%,114.9,34.90%,454
2017,Nick Markakis,ATL,8,0.275,0.384,0.738,88.3,2.50%,114.4,34.40%,593
2016,Addison Russell,CHC,21,0.238,0.417,0.738,87.6,8.80%,108.1,31.10%,525
2023,J.D. Davis,SFG,18,0.248,0.413,0.738,91.1,9.50%,111.3,44.30%,480
2020,Luis Robert Jr.,CHW,11,0.233,0.436,0.738,87.9,12.80%,115.8,39.80%,202
2022,Christian Yelich,MIL,14,0.252,0.383,0.738,91.5,8.20%,117.2,48.10%,575
2018,Yonder Alonso,CLE,23,0.25,0.421,0.738,87.8,9.30%,112.3,36.70%,516
2019,Randal Grichuk,TOR,31,0.232,0.457,0.738,89.3,8.70%,112.6,39.80%,586
2020,Nolan Arenado,COL,8,0.253,0.434,0.738,87.8,5.40%,108.9,33.70%,182
2017,Evan Longoria,TBR,20,0.261,0.424,0.737,86.7,5.00%,109.9,32.20%,613
2024,Justin Turner,2 Tms,11,0.259,0.383,0.737,87.1,4.60%,106.8,32.50%,460
2017,Max Kepler,MIN,19,0.243,0.425,0.737,88.7,4.00%,113.2,36.70%,511
2020,Hunter Dozier,KCR,6,0.228,0.392,0.736,86.4,8.20%,110.3,30.90%,158
2022,Nico Hoerner,CHC,10,0.281,0.41,0.736,87.2,2.60%,109.7,32.90%,481
2016,Brandon Phillips,CIN,11,0.291,0.416,0.736,86.4,2.20%,108.9,25.50%,550
2019,Starlin Castro,MIA,22,0.27,0.436,0.736,88.5,5.40%,113.3,37.60%,636
2019,Eric Hosmer,SDP,22,0.265,0.425,0.735,90.8,6.70%,114.3,46.00%,619
2017,Brandon Phillips,2 Tms,13,0.285,0.416,0.735,84.6,2.60%,108.4,24.70%,572
2017,Ben Gamel,SEA,11,0.275,0.413,0.735,86.3,3.60%,108.5,29.20%,509
2024,Matt Vierling,DET,16,0.257,0.423,0.735,89.7,7.50%,111.2,39.80%,518
2016,Marcus Semien,OAK,27,0.238,0.435,0.735,88,6.30%,108.4,34.80%,568
2019,Willy Adames,TBR,20,0.254,0.418,0.735,88.5,8.10%,110.9,35.60%,531
2024,Alec Burleson,STL,21,0.269,0.42,0.735,89.7,6.50%,111,41.00%,547
2019,Albert Pujols,LAA,23,0.244,0.43,0.734,88.3,5.30%,112.3,36.00%,491
2022,DJ LeMahieu,NYY,12,0.261,0.377,0.734,89.2,5.30%,110.9,40.60%,467
2020,Matt Olson,OAK,14,0.195,0.424,0.734,92.3,12.80%,112.5,45.90%,210
2019,Freddy Galvis,2 Tms,23,0.26,0.438,0.734,88.8,4.30%,105.6,36.40%,557
2019,David Fletcher,LAA,6,0.29,0.384,0.734,83.8,0.20%,104.5,16.90%,596
2021,Francisco Lindor,NYM,20,0.23,0.412,0.734,90.7,8.20%,112.9,44.10%,452
2024,Julio Rodríguez,SEA,20,0.273,0.409,0.734,91.7,10.20%,114.5,48.20%,567
2016,Starlin Castro,NYY,21,0.27,0.433,0.734,88.5,5.20%,113.2,34.60%,577
2020,Orlando Arcia,MIL,5,0.26,0.416,0.734,89,5.60%,108.7,38.70%,173
2022,Brendan Rodgers,COL,13,0.266,0.408,0.733,90,7.20%,112.2,45.90%,527
2016,Maikel Franco,PHI,25,0.255,0.427,0.733,89.5,6.30%,113.2,40.70%,581
2022,Marcus Semien,TEX,26,0.248,0.429,0.733,87.3,6.80%,110.1,34.90%,657
2016,Russell Martin,TOR,20,0.231,0.398,0.733,89.2,8.90%,110.7,39.90%,455
2022,Charlie Blackmon,COL,16,0.264,0.419,0.733,86.2,4.40%,109.5,30.60%,530
2023,Leody Taveras,TEX,14,0.266,0.421,0.733,90.1,7.20%,112.2,42.40%,511
2024,Ryan Mountcastle,BAL,13,0.271,0.425,0.733,90.8,8.80%,113.5,45.20%,473
2018,Marwin Gonzalez,HOU,16,0.247,0.409,0.733,89.1,6.20%,110.1,41.40%,489
2017,Jordy Mercer,PIT,14,0.255,0.406,0.733,85.8,2.90%,106.3,32.00%,502
2021,Kyle Farmer,CIN,16,0.263,0.416,0.732,87.3,4.30%,107.6,32.10%,483
2017,Chris Davis,BAL,26,0.215,0.423,0.732,90.1,11.30%,109.8,45.30%,456
2022,Alex Verdugo,BOS,11,0.28,0.405,0.732,89.1,6.00%,111,37.80%,593
2016,Zack Cozart,CIN,16,0.252,0.425,0.732,86.2,2.30%,105.6,27.80%,464
2015,Martín Prado,MIA,9,0.288,0.394,0.732,89,2.00%,109.7,33.30%,500
2018,Adam Jones,BAL,15,0.281,0.419,0.732,88.3,4.90%,108.1,32.80%,580
2021,Pavin Smith,ARI,11,0.267,0.404,0.732,87.2,5.10%,110.8,42.70%,498
2023,George Springer,TOR,21,0.258,0.405,0.732,88.3,7.70%,115.9,39.40%,613
2016,Ender Inciarte,ATL,3,0.291,0.381,0.732,85.5,0.70%,103.1,15.00%,522
2017,Yolmer Sánchez,CHW,12,0.267,0.413,0.732,84.8,2.90%,106.5,24.20%,484
2020,Ketel Marte,ARI,2,0.287,0.409,0.732,89.2,3.70%,115.9,40.50%,181
2021,Eric Hosmer,SDP,12,0.269,0.395,0.732,90.5,5.80%,112.5,47.00%,509
2017,Orlando Arcia,MIL,15,0.277,0.407,0.731,85.7,3.40%,107.3,27.30%,506
2023,Thairo Estrada,SFG,14,0.271,0.416,0.731,85.9,4.80%,110.5,33.70%,495
2024,Josh Smith,TEX,13,0.258,0.394,0.731,87.8,3.70%,108,36.90%,523
2016,Cheslor Cuthbert,KCR,12,0.274,0.413,0.731,89.3,2.10%,111.7,36.60%,475
2017,Yangervis Solarte,SDP,18,0.255,0.416,0.731,85.4,3.20%,110.2,28.10%,466
2015,Kole Calhoun,LAA,26,0.256,0.422,0.731,86.2,6.40%,108.9,32.20%,630
2024,Jesús Sánchez,MIA,18,0.252,0.417,0.731,92.5,12.20%,117.2,50.90%,489
2021,Amed Rosario,CLE,11,0.282,0.409,0.731,88.8,2.80%,111.5,43.10%,550
2018,Odúbel Herrera,PHI,22,0.255,0.42,0.73,86.7,4.70%,114.7,31.90%,550
2018,Willson Contreras,CHC,10,0.249,0.39,0.73,88.2,6.70%,114.1,33.30%,474
2024,Masyn Winn,STL,15,0.267,0.416,0.73,87,3.70%,111.1,32.70%,587
2023,Nico Hoerner,CHC,9,0.283,0.383,0.729,86.6,1.70%,109.2,33.00%,619
2020,Nick Ahmed,ARI,5,0.266,0.402,0.729,87.7,5.20%,107.7,33.30%,199
2018,Joe Mauer,MIN,6,0.282,0.379,0.729,91.1,4.20%,107.6,42.80%,486
2018,Ian Desmond,COL,22,0.236,0.422,0.729,90.1,6.30%,112,43.20%,555
2018,Starlin Castro,MIA,12,0.278,0.4,0.729,88.4,6.30%,109.3,36.00%,593
2022,Ryan Mountcastle,BAL,22,0.25,0.423,0.729,91.3,15.00%,112,45.80%,555
2015,Jay Bruce,CIN,26,0.226,0.434,0.729,89.7,7.90%,111.4,37.40%,580
2016,Scooter Gennett,MIL,14,0.263,0.412,0.728,86.9,3.10%,108.5,24.70%,498
2016,Eugenio Suárez,CIN,21,0.248,0.411,0.728,86.6,6.10%,108.8,29.10%,565
2017,José Reyes,NYM,15,0.246,0.413,0.728,84.3,2.30%,108.4,24.20%,501
2019,Josh Reddick,HOU,14,0.275,0.409,0.728,86.1,3.30%,107.7,28.30%,501
2021,David Peralta,ARI,8,0.259,0.402,0.728,89.3,5.00%,113.8,41.60%,487
2017,Byron Buxton,MIN,16,0.253,0.413,0.728,88.1,5.60%,110.9,32.00%,462
2017,Miguel Cabrera,DET,16,0.249,0.399,0.728,91.1,9.70%,111.5,47.80%,469
2021,Jazz Chisholm Jr.,MIA,18,0.248,0.425,0.728,90.2,8.60%,112.1,41.70%,464
2019,Adam Jones,ARI,16,0.26,0.414,0.728,86.1,5.70%,108.5,30.90%,485
2015,Brock Holt,BOS,2,0.28,0.379,0.727,86.6,0.60%,107.2,24.20%,454
2022,Ketel Marte,ARI,12,0.24,0.407,0.727,90.1,6.10%,115,41.90%,492
2018,Matt Duffy,TBR,4,0.294,0.366,0.727,86.8,1.20%,104.9,27.80%,503
2018,Max Kepler,MIN,20,0.224,0.408,0.727,89.5,5.90%,112.7,37.40%,532
2024,Brandon Nimmo,NYM,23,0.224,0.399,0.727,91.9,8.90%,111.5,47.40%,571
2016,Travis Shaw,BOS,16,0.242,0.421,0.726,88.7,7.40%,112.3,34.20%,480
2024,Joey Ortiz,MIL,11,0.239,0.398,0.726,87.8,4.60%,111.5,38.20%,440
2015,Billy Burns,OAK,5,0.294,0.392,0.726,83.2,0.00%,104.8,14.30%,520
2017,Jackie Bradley Jr.,BOS,17,0.245,0.402,0.726,88.3,6.90%,110.6,39.70%,482
2022,Eduardo Escobar,NYM,20,0.24,0.43,0.726,88.3,9.40%,111.5,37.40%,495
2016,Salvador Perez,KCR,22,0.247,0.438,0.725,88.9,5.80%,112.7,37.30%,514
2017,Kole Calhoun,LAA,19,0.244,0.392,0.725,88.3,5.20%,110.1,35.40%,569
2017,Ian Kinsler,DET,22,0.236,0.412,0.725,86.3,4.10%,105.9,30.30%,551
2023,Elias Díaz,COL,14,0.267,0.409,0.725,88.1,6.20%,111.7,38.40%,486
2022,Patrick Wisdom,CHC,25,0.207,0.426,0.725,90.7,14.20%,112.6,46.00%,469
2022,Tommy Edman,STL,13,0.265,0.4,0.725,88.6,6.20%,112.8,37.60%,577
2024,Josh Bell,2 Tms,19,0.249,0.405,0.725,88.8,7.50%,111.2,39.70%,538
2019,Jose Iglesias,CIN,11,0.288,0.407,0.724,84.1,2.10%,107.7,23.30%,504
2022,Randal Grichuk,COL,19,0.259,0.425,0.724,90,6.80%,111.6,43.60%,506
2021,Tommy Pham,SDP,15,0.229,0.383,0.724,90.8,10.00%,112.7,46.70%,475
2022,Luis Rengifo,LAA,17,0.264,0.429,0.724,86.9,5.40%,109.3,33.30%,489
2021,Kyle Seager,SEA,35,0.212,0.438,0.723,89,12.30%,111,40.10%,603
2017,Jorge Polanco,MIN,13,0.256,0.41,0.723,85,2.60%,107,25.30%,488
2022,Jurickson Profar,SDP,15,0.243,0.391,0.723,87.5,4.00%,109.4,34.30%,575
2015,Brandon Phillips,CIN,12,0.294,0.395,0.723,86.2,1.90%,108.2,26.00%,588
2022,Bobby Witt Jr.,KCR,20,0.254,0.428,0.722,89.7,8.70%,113.7,38.60%,591
2023,Joey Meneses,WSN,13,0.275,0.401,0.722,89.4,5.40%,110.8,41.70%,611
2022,Jake Cronenworth,SDP,17,0.239,0.39,0.722,87.6,5.60%,108.6,33.80%,587
2024,Ryan McMahon,COL,20,0.242,0.397,0.722,92.1,10.80%,113,49.00%,567
2022,Thairo Estrada,SFG,14,0.26,0.4,0.722,86.2,4.40%,109.3,30.60%,488
2024,Rhys Hoskins,MIL,26,0.214,0.419,0.722,88.7,12.70%,109.6,41.90%,449
2020,Evan Longoria,SFG,7,0.254,0.425,0.722,91.7,11.50%,111.5,45.20%,193
2015,Nick Castellanos,DET,15,0.255,0.419,0.721,88.3,7.20%,111.6,34.50%,549
2019,Rougned Odor,TEX,30,0.205,0.439,0.721,91.1,13.60%,113.1,45.40%,522
2022,Cedric Mullins,BAL,16,0.258,0.403,0.721,88.8,4.90%,109.4,36.70%,608
2024,Brendan Rodgers,COL,13,0.267,0.407,0.721,89.3,5.60%,111.1,43.80%,501
2017,Tommy Joseph,PHI,22,0.24,0.432,0.721,89.2,7.00%,112.8,40.10%,495
2017,Manuel Margot,SDP,13,0.263,0.409,0.721,85.3,2.60%,109.7,28.80%,487
2024,Spencer Steer,CIN,20,0.225,0.402,0.721,88,6.40%,108,39.90%,574
2015,Ryan Howard,PHI,23,0.229,0.443,0.72,91.3,11.10%,110.7,45.00%,467
2018,Eric Hosmer,SDP,18,0.253,0.398,0.72,88.7,5.50%,112.2,37.30%,613
2016,Mitch Moreland,TEX,22,0.233,0.422,0.72,90.5,9.60%,112.5,39.50%,460
2020,Max Muncy,LAD,12,0.192,0.389,0.72,88.5,12.40%,109.8,40.00%,203
2024,Randy Arozarena,2 Tms,20,0.219,0.388,0.72,90.4,8.30%,112.1,43.50%,549
2015,Aramis Ramirez,2 Tms,17,0.246,0.423,0.72,87.4,4.60%,108.6,34.20%,475
2024,Nolan Arenado,STL,16,0.272,0.394,0.719,86.3,3.20%,107.5,31.20%,578
2022,Austin Hays,BAL,16,0.25,0.413,0.719,87.7,5.20%,109,37.70%,535
2019,Kevin Pillar,2 Tms,21,0.259,0.432,0.719,86.4,4.70%,111.7,30.80%,611
2018,Brandon Crawford,SFG,14,0.254,0.394,0.719,87.5,3.40%,108.8,33.10%,531
2015,Ben Revere,2 Tms,2,0.306,0.377,0.719,83.1,0.00%,111.4,14.20%,592
2018,César Hernández,PHI,15,0.253,0.362,0.718,85.7,3.50%,109.4,27.80%,605
2015,Joe Mauer,MIN,10,0.265,0.38,0.718,89.5,3.30%,107.6,39.90%,592
2015,Kevin Kiermaier,TBR,10,0.263,0.42,0.718,87.6,2.40%,112.2,30.70%,505
2023,DJ LeMahieu,NYY,15,0.243,0.39,0.718,89.6,5.90%,111.2,43.00%,497
2016,Adonis García,ATL,14,0.273,0.406,0.717,89,4.50%,108.9,34.50%,532
2023,Matt Vierling,DET,10,0.261,0.388,0.717,89.1,4.60%,113,42.00%,479
2023,Keibert Ruiz,WSN,18,0.26,0.409,0.717,87.4,5.80%,110.1,31.70%,523
2018,Jackie Bradley Jr.,BOS,13,0.234,0.403,0.717,92.2,9.40%,112.4,50.10%,474
2023,Willy Adames,MIL,24,0.217,0.407,0.717,87.4,12.40%,109.8,36.10%,553
2021,Jed Lowrie,OAK,14,0.245,0.398,0.717,90.7,9.30%,109.9,45.90%,457
2024,Willi Castro,MIN,12,0.247,0.385,0.717,87.4,7.00%,112.3,36.10%,558
2017,Dee Strange-Gordon,MIA,2,0.308,0.375,0.716,81.6,0.20%,104.1,11.30%,653
2021,Matt Chapman,OAK,27,0.21,0.403,0.716,89.7,13.70%,113.3,41.70%,529
2020,Austin Riley,ATL,8,0.239,0.415,0.716,91,10.00%,111,42.90%,188
2016,Chase Utley,LAD,14,0.252,0.396,0.716,87.6,4.00%,107.5,33.60%,512
2024,Paul Goldschmidt,STL,22,0.245,0.414,0.716,91.2,10.60%,111.4,48.10%,599
2022,Amed Rosario,CLE,11,0.283,0.403,0.715,88.4,4.50%,115.8,38.50%,637
2023,Bryan De La Cruz,MIA,19,0.257,0.411,0.715,89.9,8.80%,111,42.40%,579
2022,Jeremy Peña,HOU,22,0.253,0.426,0.715,88.1,9.60%,110.5,36.20%,521
2019,Jason Kipnis,CLE,17,0.245,0.41,0.715,88.1,5.20%,107.1,34.10%,458
2015,Marcus Semien,OAK,15,0.257,0.405,0.715,87.1,3.80%,106.9,28.60%,556
2021,J.P. Crawford,SEA,9,0.273,0.376,0.715,86.3,2.40%,110.5,30.40%,619
2018,Trey Mancini,BAL,24,0.242,0.416,0.715,89.9,10.60%,115,42.20%,582
2018,Yoán Moncada,CHW,17,0.235,0.4,0.714,91,8.80%,113.1,44.10%,578
2023,Salvador Perez,KCR,23,0.255,0.422,0.714,90.1,8.70%,113.1,43.60%,538
2023,Eugenio Suárez,SEA,22,0.232,0.391,0.714,90.3,12.70%,111.1,43.00%,598
2020,Ryan McMahon,COL,9,0.215,0.419,0.714,90.1,11.20%,109.7,43.00%,172
2024,Jake Cronenworth,SDP,17,0.241,0.39,0.714,88.6,7.70%,110.9,36.50%,577
2021,Miguel Rojas,MIA,9,0.265,0.392,0.713,86.2,2.80%,109.4,32.90%,495
2021,Eugenio Suárez,CIN,31,0.198,0.428,0.713,89.1,15.00%,111.9,39.80%,505
2015,Kevin Pillar,TOR,12,0.278,0.399,0.713,85.8,1.80%,112.4,25.90%,586
2023,MJ Melendez,KCR,16,0.235,0.398,0.713,93.2,11.40%,113.2,49.60%,533
2015,Billy Butler,OAK,15,0.251,0.39,0.713,89.4,7.00%,110,40.10%,538
2018,Salvador Perez,KCR,27,0.235,0.439,0.713,91.2,9.10%,112.1,47.40%,510
2023,Hunter Renfroe,2 Tms,20,0.233,0.416,0.713,88.3,6.10%,113.2,38.80%,498
2020,Corey Dickerson,MIA,7,0.258,0.402,0.713,85.7,5.60%,108.8,30.60%,194
2022,Alec Bohm,PHI,13,0.28,0.398,0.713,90.2,6.80%,110.8,43.00%,586
2022,Max Muncy,LAD,21,0.196,0.384,0.713,90.3,13.40%,111.2,44.70%,464
2016,Brett Gardner,NYY,7,0.261,0.362,0.713,86.5,2.20%,107.2,24.00%,547
2020,Rio Ruiz,BAL,9,0.222,0.427,0.713,87.9,8.50%,109,39.00%,185
2024,Logan O'Hoppe,LAA,20,0.244,0.409,0.712,90.4,12.00%,111.6,46.30%,479
2016,Denard Span,SFG,11,0.266,0.381,0.712,86,2.60%,108.8,29.50%,572
2023,Andrés Giménez,CLE,15,0.251,0.399,0.712,84.8,5.50%,108.8,27.00%,557
2016,Chase Headley,NYY,14,0.251,0.383,0.712,87.2,4.80%,109,33.10%,467
2023,CJ Abrams,WSN,18,0.245,0.412,0.712,87.4,6.90%,112.5,35.70%,563
2015,Brandon Moss,2 Tms,19,0.226,0.407,0.711,89.1,11.40%,113.7,39.50%,469
2021,Whit Merrifield,KCR,10,0.277,0.395,0.711,86.9,3.50%,107.8,28.60%,664
2023,Jeff McNeil,NYM,10,0.27,0.378,0.711,86,1.30%,109,27.00%,585
2023,Carlos Correa,MIN,18,0.23,0.399,0.711,90.4,9.60%,114.2,45.90%,514
2021,DJ LeMahieu,NYY,10,0.268,0.362,0.711,90.6,3.70%,110.6,43.10%,597
2019,Jurickson Profar,OAK,20,0.218,0.41,0.711,86.7,6.20%,108.2,30.50%,459
2016,Stephen Vogt,OAK,14,0.251,0.406,0.711,85.9,4.90%,108.4,26.60%,490
2019,Miguel Rojas,MIA,5,0.284,0.379,0.71,87.4,2.10%,109.2,28.80%,483
2023,Steven Kwan,CLE,5,0.268,0.37,0.71,86,1.10%,105.2,18.80%,638
2022,Luke Voit,2 Tms,22,0.226,0.402,0.71,89.8,14.70%,111.3,44.30%,500
2018,Jeimer Candelario,DET,19,0.224,0.393,0.71,87.2,5.70%,112.7,33.30%,539
2022,Wilmer Flores,SFG,19,0.229,0.394,0.71,87.8,6.30%,108.3,35.20%,525
2020,Adalberto Mondesi,KCR,6,0.256,0.416,0.71,90.6,7.30%,111,39.10%,219
2022,Trey Mancini,2 Tms,18,0.239,0.391,0.71,89.5,9.50%,111.8,40.10%,519
2024,Lane Thomas,2 Tms,15,0.237,0.4,0.709,88.8,7.40%,111,40.60%,472
2015,Derek Norris,SDP,14,0.25,0.404,0.709,87.1,1.80%,112.1,35.10%,515
2018,Jonathan Villar,2 Tms,14,0.26,0.384,0.709,88.5,4.80%,110.9,36.00%,466
2020,Carlos Correa,HOU,5,0.264,0.383,0.709,88.8,5.90%,109,41.80%,201
2017,Brandon Crawford,SFG,14,0.253,0.403,0.709,87.5,5.10%,108.5,33.30%,518
2024,Adley Rutschman,BAL,19,0.25,0.391,0.709,88.2,6.10%,109.3,36.40%,571
2015,Melky Cabrera,CHW,12,0.273,0.394,0.709,89.6,2.20%,111,36.00%,629
2024,Gleyber Torres,NYY,15,0.257,0.378,0.709,88.6,6.30%,111.2,35.40%,587
2024,Nico Hoerner,CHC,7,0.273,0.373,0.708,85.7,1.20%,110.1,27.40%,582
2018,Kevin Pillar,TOR,15,0.252,0.426,0.708,87.3,5.00%,111.1,36.40%,512
2022,Ha-Seong Kim,SDP,11,0.251,0.383,0.708,86.7,4.20%,109.4,32.30%,517
2015,Kolten Wong,STL,11,0.262,0.386,0.707,87.4,2.80%,110.5,33.60%,557
2022,Elvis Andrus,2 Tms,17,0.249,0.404,0.707,87.9,4.50%,109.9,34.50%,535
2020,Keston Hiura,MIL,13,0.212,0.41,0.707,87.4,14.20%,110.2,39.60%,217
2019,Elvis Andrus,TEX,12,0.275,0.393,0.707,88.4,3.10%,110.2,35.00%,600
2015,Brett Lawrie,OAK,16,0.26,0.407,0.706,90,4.90%,112.4,39.10%,562
2022,MJ Melendez,KCR,18,0.217,0.393,0.706,90.7,10.40%,110.8,43.50%,460
2015,Salvador Perez,KCR,21,0.26,0.426,0.706,87.3,4.60%,110.9,32.20%,531
2018,Marcus Semien,OAK,15,0.255,0.388,0.706,86.8,4.30%,107.1,32.00%,632
2020,Victor Reyes,DET,4,0.277,0.391,0.706,90,3.80%,108.6,41.40%,202
2024,Nolan Schanuel,LAA,13,0.25,0.362,0.706,86.1,3.50%,105.9,25.30%,519
2023,Tommy Edman,STL,13,0.248,0.399,0.705,89.1,5.00%,111.2,38.60%,479
2020,Yoán Moncada,CHW,6,0.225,0.385,0.705,87.8,6.20%,109.9,33.10%,200
2023,Jeremy Peña,HOU,10,0.263,0.381,0.705,88,4.00%,111.6,35.10%,577
2018,Ender Inciarte,ATL,10,0.265,0.38,0.705,84.9,1.30%,105,18.70%,597
2022,Lane Thomas,WSN,17,0.241,0.404,0.705,86.4,6.50%,110.1,34.00%,498
2017,Kevin Pillar,TOR,16,0.256,0.404,0.704,86,3.00%,111.9,28.50%,587
2020,Ramón Laureano,OAK,6,0.213,0.366,0.704,87.7,9.40%,111.3,34.40%,183
2018,Jason Kipnis,CLE,18,0.23,0.389,0.704,86.9,5.90%,107.4,30.60%,530
2021,Randal Grichuk,TOR,22,0.241,0.423,0.703,89.8,8.50%,113.8,41.10%,511
2016,Jacoby Ellsbury,NYY,9,0.263,0.374,0.703,86.9,1.40%,109.9,30.90%,551
2015,Wilmer Flores,NYM,16,0.263,0.408,0.703,86.4,1.90%,110,25.50%,483
2023,Ty France,SEA,12,0.25,0.366,0.703,87.5,6.80%,112.7,38.40%,587
2015,Torii Hunter,MIN,22,0.24,0.409,0.702,88.5,4.80%,108.1,34.70%,521
2024,Dansby Swanson,CHC,16,0.242,0.39,0.701,89.4,9.20%,109.8,42.50%,534
2016,Jordy Mercer,PIT,11,0.256,0.374,0.701,86.9,2.00%,106.4,26.10%,519
2024,Jeremy Peña,HOU,15,0.266,0.394,0.701,88.2,5.40%,109.5,38.80%,602
2021,Miguel Cabrera,DET,15,0.256,0.386,0.701,91.4,8.30%,112.6,49.00%,472
2022,Kyle Farmer,CIN,14,0.255,0.386,0.701,85.5,4.40%,106.6,33.60%,526
2017,Hunter Pence,SFG,13,0.26,0.385,0.701,89,5.80%,114,37.50%,493
2020,Kyle Schwarber,CHC,11,0.188,0.393,0.701,92.8,11.20%,114.9,47.20%,191
2015,Gregory Polanco,PIT,9,0.256,0.381,0.701,89.9,4.00%,115.6,39.60%,593
2021,Jose Iglesias,2 Tms,9,0.271,0.391,0.701,85.4,3.40%,110.2,28.40%,483
2024,Daulton Varsho,TOR,18,0.214,0.407,0.7,86.1,6.20%,110.2,33.30%,459
2018,Nick Ahmed,ARI,16,0.234,0.411,0.7,86.9,4.10%,106.2,30.00%,516
2022,Andrew McCutchen,MIL,17,0.237,0.384,0.7,89.1,8.60%,110.6,40.00%,515
2023,Whit Merrifield,TOR,11,0.272,0.382,0.7,85.1,2.40%,106.1,24.10%,547
2018,Tucker Barnhart,CIN,10,0.248,0.372,0.699,87.1,2.70%,106.6,30.30%,460
2024,Andrew Vaughn,CHW,19,0.246,0.402,0.699,90.3,9.30%,112.2,43.10%,570
2018,Dansby Swanson,ATL,14,0.238,0.395,0.699,88,4.10%,108.5,34.00%,478
2016,Josh Harrison,PIT,4,0.283,0.388,0.699,86.5,2.10%,103.3,22.90%,487
2021,Raimel Tapia,COL,6,0.273,0.372,0.699,85.7,2.10%,109.9,31.50%,487
2020,Isiah Kiner-Falefa,TEX,3,0.28,0.37,0.699,87.2,2.20%,106.2,31.10%,211
2024,Marcus Semien,TEX,23,0.237,0.391,0.699,87.4,6.60%,112.1,35.20%,650
2020,Carlos Santana,CLE,8,0.199,0.35,0.699,88,6.70%,111.5,36.60%,206
2020,Hanser Alberto,BAL,3,0.283,0.393,0.698,82.3,1.00%,103.8,20.20%,219
2015,Cameron Maybin,ATL,10,0.267,0.37,0.697,88.2,2.20%,109.7,35.90%,505
2022,Mike Yastrzemski,SFG,17,0.214,0.392,0.697,89.9,11.10%,109.7,42.50%,485
2021,Gleyber Torres,NYY,9,0.259,0.366,0.697,87.1,7.80%,111.6,35.70%,459
2019,Lorenzo Cain,MIL,11,0.26,0.372,0.697,89.4,4.10%,110.4,41.20%,562
2021,Myles Straw,2 Tms,4,0.271,0.348,0.696,87.1,1.30%,109.8,25.90%,564
2015,Austin Jackson,2 Tms,9,0.267,0.385,0.696,89.6,3.50%,109.1,39.80%,491
2015,Addison Russell,CHC,13,0.242,0.389,0.696,86.8,4.60%,109.2,28.90%,475
2018,Brian Dozier,2 Tms,21,0.215,0.391,0.696,86.8,5.60%,104.8,28.40%,553
2023,Tyler Stephenson,CIN,13,0.243,0.378,0.696,89.4,7.60%,111.1,43.20%,465
2023,Ezequiel Tovar,COL,15,0.253,0.408,0.695,88,8.10%,109.8,35.70%,581
2016,Joe Panik,SFG,10,0.239,0.379,0.695,86.3,3.50%,106.8,27.10%,464
2021,Tommy Edman,STL,11,0.262,0.387,0.695,87.6,4.30%,112.9,35.30%,641
2022,Nick Castellanos,PHI,13,0.263,0.389,0.694,87.5,6.60%,110.1,34.60%,524
2016,Marwin Gonzalez,HOU,13,0.254,0.401,0.694,89.3,5.10%,110.2,35.10%,484
2018,Evan Longoria,SFG,16,0.244,0.413,0.694,88.5,7.00%,110.4,37.00%,480
2015,Johnny Giavotella,LAA,4,0.272,0.375,0.694,85.8,1.00%,110.7,19.60%,453
2021,César Hernández,2 Tms,21,0.232,0.386,0.694,87.4,6.80%,110.2,33.10%,570
2018,Alex Gordon,KCR,13,0.245,0.37,0.694,88.5,6.30%,109,39.30%,506
2020,Josh Reddick,HOU,4,0.245,0.378,0.693,85.9,4.70%,106.7,29.10%,188
2015,Chase Headley,NYY,11,0.259,0.369,0.693,86.8,4.50%,109.9,32.50%,580
2016,B.J. Upton,2 Tms,20,0.238,0.402,0.693,88.3,5.80%,110.7,35.90%,492
2023,Dominic Smith,WSN,12,0.254,0.366,0.692,86.3,6.60%,108.3,30.80%,527
2022,Carlos Santana,2 Tms,19,0.202,0.376,0.692,90.7,9.30%,111.3,44.90%,431
2016,Alex Gordon,KCR,17,0.22,0.38,0.692,87.8,8.10%,107.6,36.90%,445
2016,Howie Kendrick,LAD,8,0.255,0.366,0.691,90.4,5.60%,111,42.10%,487
2018,Brett Gardner,NYY,12,0.236,0.368,0.69,88,2.30%,110.1,32.90%,530
2017,Freddy Galvis,PHI,12,0.255,0.382,0.69,86.3,2.40%,106,23.50%,608
2017,Maikel Franco,PHI,24,0.23,0.409,0.69,88.8,5.40%,113,36.30%,575
2023,Jurickson Profar,2 Tms,9,0.242,0.368,0.689,86.5,4.00%,108.8,31.70%,459
2023,Jake Cronenworth,SDP,10,0.229,0.378,0.689,87.3,4.30%,108.4,33.20%,458
2024,Colt Keith,DET,13,0.26,0.38,0.689,87.9,5.60%,109.4,35.00%,516
2018,Ryon Healy,SEA,24,0.235,0.412,0.688,89.6,6.50%,112,41.40%,493
2015,José Reyes,2 Tms,7,0.274,0.378,0.688,84.6,0.20%,108.4,18.60%,481
2022,Jesse Winker,SEA,14,0.219,0.344,0.688,87.7,7.60%,110,34.30%,456
2015,Anthony Gose,DET,5,0.254,0.367,0.688,88.2,1.80%,110.3,30.40%,485
2015,Didi Gregorius,NYY,9,0.265,0.37,0.688,85.4,1.10%,107.2,24.50%,525
2019,Leury García,CHW,8,0.279,0.378,0.688,88.2,3.30%,108.5,29.90%,577
2018,Tim Anderson,CHW,20,0.24,0.406,0.687,85.8,4.70%,112.5,27.90%,567
2022,Marcell Ozuna,ATL,23,0.226,0.413,0.687,89.4,13.10%,113.9,43.80%,470
2017,Mark Trumbo,BAL,23,0.234,0.397,0.686,89.6,6.30%,118.5,37.50%,559
2022,Tommy Pham,2 Tms,17,0.236,0.374,0.686,92.2,7.90%,112.6,48.20%,554
2024,Andrew Benintendi,CHW,20,0.229,0.396,0.685,88,6.30%,109.5,34.10%,477
2015,Logan Morrison,SEA,17,0.225,0.383,0.685,89.8,6.10%,113.6,37.50%,457
2020,Tommy Edman,STL,5,0.25,0.368,0.685,86.5,3.80%,109,33.50%,204
2016,Leonys Martin,SEA,15,0.247,0.378,0.684,87.6,5.00%,111.5,31.30%,518
2016,Danny Espinosa,WSN,24,0.209,0.378,0.684,90.1,8.20%,112.2,33.40%,516
2024,Adolis García,TEX,25,0.224,0.4,0.684,91,12.20%,116.1,47.90%,580
2023,Amed Rosario,2 Tms,6,0.263,0.378,0.683,88.3,3.40%,110.5,39.40%,510
2016,Yonder Alonso,OAK,7,0.253,0.367,0.683,88.6,3.60%,110.6,37.10%,482
2022,Josh Donaldson,NYY,15,0.222,0.374,0.682,90.7,9.80%,111.7,43.20%,478
2023,Andrew Benintendi,CHW,5,0.262,0.356,0.682,86.6,2.90%,109.1,26.80%,562
2018,Ian Kinsler,2 Tms,14,0.24,0.38,0.681,85.3,3.10%,106.1,25.80%,487
2022,AJ Pollock,CHW,14,0.245,0.389,0.681,88.8,9.40%,110.8,42.00%,489
2023,Maikel Garcia,KCR,4,0.272,0.358,0.681,91.8,3.90%,110,50.60%,464
2020,J.D. Martinez,BOS,7,0.213,0.389,0.68,89.5,11.00%,110.7,41.60%,211
2021,Hunter Dozier,KCR,16,0.216,0.394,0.68,89.9,8.80%,113,41.90%,487
2018,Freddy Galvis,SDP,13,0.248,0.38,0.68,88.6,3.20%,105.8,28.10%,602
2023,José Abreu,HOU,18,0.237,0.383,0.68,89,8.70%,113.3,41.60%,540
2020,Marcus Semien,OAK,7,0.223,0.374,0.679,86.2,5.00%,108,28.60%,211
2019,Khris Davis,OAK,23,0.22,0.387,0.679,90.2,8.90%,109.9,39.50%,481
2020,Joey Gallo,TEX,10,0.181,0.378,0.679,91.2,14.00%,113.5,43.90%,193
2016,Kevin Pillar,TOR,7,0.266,0.376,0.679,87,2.40%,113,30.00%,548
2017,Tim Anderson,CHW,17,0.257,0.402,0.679,85.6,4.90%,108.8,31.10%,587
2018,Yolmer Sánchez,CHW,8,0.242,0.372,0.678,86.7,2.60%,110.3,27.80%,600
2018,Jon Jay,2 Tms,3,0.268,0.347,0.678,85.1,1.60%,105,21.60%,527
2018,Eduardo Núñez,BOS,10,0.265,0.388,0.677,88.3,2.70%,110.2,35.70%,480
2021,Nick Solak,TEX,11,0.242,0.362,0.677,86.9,6.50%,110.6,33.20%,458
2018,Amed Rosario,NYM,9,0.256,0.381,0.676,87.8,3.20%,109.5,32.20%,554
2020,Kolten Wong,STL,1,0.265,0.326,0.675,86.5,0.60%,103.7,26.60%,181
2022,J.P. Crawford,SEA,6,0.243,0.336,0.675,85.1,2.00%,109.3,29.20%,518
2018,Manuel Margot,SDP,8,0.245,0.384,0.675,89.4,3.30%,112.9,36.50%,477
2015,Avisaíl García,CHW,13,0.257,0.365,0.675,88.5,4.30%,116.1,37.50%,553
2020,J.P. Crawford,SEA,2,0.255,0.338,0.674,85.8,1.80%,110.1,31.10%,204
2024,George Springer,TOR,19,0.22,0.371,0.674,87.5,9.00%,110.6,37.00%,545
2015,Ian Desmond,WSN,19,0.233,0.384,0.674,90.8,6.40%,114.4,40.90%,583
2023,Daulton Varsho,TOR,20,0.22,0.389,0.674,87.8,7.30%,112.5,36.00%,527
2017,José Bautista,TOR,23,0.203,0.366,0.674,88.3,6.40%,112.9,35.60%,587
2016,Freddy Galvis,PHI,20,0.241,0.399,0.673,87.4,2.60%,107.9,27.40%,584
2022,Whit Merrifield,2 Tms,11,0.25,0.375,0.673,87.1,4.20%,107.6,30.90%,504
2018,Kyle Seager,SEA,22,0.221,0.4,0.673,89.8,5.10%,110.5,39.60%,583
2017,Albert Pujols,LAA,23,0.241,0.386,0.672,88.7,4.80%,112.2,39.10%,593
2015,Starlin Castro,CHC,11,0.265,0.375,0.671,86.3,3.90%,113.2,27.80%,547
2024,Bryson Stott,PHI,11,0.245,0.356,0.671,87.1,3.60%,109.8,30.80%,506
2022,Javier Báez,DET,17,0.238,0.393,0.671,87.9,8.00%,112.1,38.00%,555
2020,Nick Solak,TEX,2,0.268,0.344,0.671,89.9,4.70%,111.7,40.40%,209
2024,Ty France,2 Tms,13,0.234,0.365,0.67,88.7,7.30%,111.1,39.70%,479
2021,Isiah Kiner-Falefa,TEX,8,0.271,0.357,0.67,85.5,1.80%,107.9,28.60%,635
2020,Josh Bell,PIT,8,0.226,0.364,0.669,91.7,8.60%,114.2,42.90%,195
2015,Elvis Andrus,TEX,7,0.258,0.357,0.667,87.3,1.30%,109.8,27.10%,596
2023,Trent Grisham,SDP,13,0.198,0.352,0.666,90.3,11.80%,112.3,39.90%,469
2017,Carlos Beltrán,HOU,14,0.231,0.383,0.666,87.3,4.00%,109.6,31.00%,467
2023,Anthony Volpe,NYY,21,0.209,0.383,0.666,88.7,9.00%,108.7,42.70%,541
2024,Brice Turang,MIL,7,0.254,0.349,0.665,87,2.40%,107.8,29.40%,559
2024,Ceddanne Rafaela,BOS,15,0.246,0.39,0.664,86.6,7.50%,108.2,36.70%,544
2022,Jesús Aguilar,2 Tms,16,0.235,0.379,0.661,87.8,6.70%,108.1,35.40%,464
2020,Adam Frazier,PIT,7,0.23,0.364,0.661,85.5,4.00%,107.5,25.10%,209
2015,Yadier Molina,STL,4,0.27,0.35,0.66,86.3,1.80%,105.1,25.50%,488
2021,Carlos Santana,KCR,19,0.214,0.342,0.66,89.9,6.80%,111.2,41.90%,565
2015,Andrelton Simmons,ATL,4,0.265,0.338,0.66,86.4,1.00%,108.9,29.00%,535
2020,Avisaíl García,MIL,2,0.238,0.326,0.659,87.4,3.80%,113.3,37.10%,181
2022,Ke'Bryan Hayes,PIT,7,0.244,0.345,0.659,91,3.90%,113,46.80%,505
2020,Yuli Gurriel,HOU,6,0.232,0.384,0.658,89.3,3.70%,107.1,35.40%,211
2020,Jorge Polanco,MIN,4,0.258,0.354,0.658,86.6,2.80%,109.2,32.80%,209
2015,Pablo Sandoval,BOS,10,0.245,0.366,0.658,88.1,4.50%,114,33.30%,470
2024,Anthony Volpe,NYY,12,0.243,0.364,0.657,87.7,3.90%,108.7,34.90%,637
2018,Yangervis Solarte,TOR,17,0.226,0.378,0.655,87.1,3.80%,113.1,32.00%,468
2024,Sal Frelick,MIL,2,0.259,0.335,0.655,83.4,0.70%,106.6,19.40%,475
2022,Cody Bellinger,LAD,19,0.21,0.389,0.654,89.4,8.30%,107.3,38.10%,504
2024,Bryan De La Cruz,2 Tms,21,0.233,0.384,0.654,89.6,9.30%,110.5,41.00%,584
2023,Zach McKinstry,DET,9,0.231,0.351,0.654,87.2,7.60%,108.3,33.10%,464
2019,Brandon Crawford,SFG,11,0.228,0.35,0.654,87.8,4.70%,106.7,35.10%,500
2021,Michael A. Taylor,KCR,12,0.244,0.356,0.653,89.4,6.60%,111.5,40.20%,483
2018,Kole Calhoun,LAA,19,0.208,0.369,0.652,90.4,8.80%,109.4,42.70%,491
2018,Victor Martinez,DET,9,0.251,0.353,0.651,87.8,4.20%,107.6,30.40%,467
2022,Nelson Cruz,WSN,10,0.234,0.337,0.651,90.9,9.30%,113.8,45.70%,448
2017,Rougned Odor,TEX,30,0.204,0.397,0.649,89.1,5.10%,112.4,37.20%,607
2015,Jace Peterson,ATL,6,0.239,0.335,0.649,87.1,3.10%,110,26.30%,528
2024,Jacob Young,WSN,3,0.256,0.331,0.648,85.8,1.60%,106.7,28.90%,468
2022,Yuli Gurriel,HOU,8,0.242,0.36,0.647,88.2,1.90%,109.6,35.40%,545
2024,Alex Verdugo,NYY,13,0.233,0.356,0.647,88.3,5.60%,110.7,34.90%,559
2024,Jake Meyers,HOU,13,0.219,0.36,0.646,88.2,6.80%,110,36.80%,461
2023,Enrique Hernández,2 Tms,11,0.237,0.357,0.646,87.8,4.50%,109.2,33.40%,465
2022,Jorge Mateo,BAL,13,0.221,0.379,0.646,86.8,5.90%,111.3,32.50%,494
2015,Freddy Galvis,PHI,7,0.263,0.343,0.645,86.1,1.70%,104,21.80%,559
2018,Miguel Rojas,MIA,11,0.252,0.346,0.643,84.7,0.90%,106.6,23.70%,488
2015,Jimmy Rollins,LAD,13,0.224,0.358,0.643,85.8,2.50%,115.5,23.10%,517
2016,Jose Iglesias,DET,4,0.255,0.336,0.643,83.5,0.70%,111,20.60%,467
2015,Alexei Ramirez,CHW,10,0.249,0.357,0.642,84.7,1.00%,107.2,22.20%,583
2016,Alcides Escobar,KCR,7,0.261,0.35,0.642,84,1.30%,105.8,17.40%,637
2022,Isiah Kiner-Falefa,NYY,4,0.261,0.327,0.642,86.2,1.20%,109.8,29.80%,483
2022,Tony Kemp,OAK,7,0.235,0.334,0.641,84.4,1.60%,103.2,14.90%,497
2024,Leody Taveras,TEX,12,0.229,0.352,0.641,89,5.90%,110.1,34.90%,480
2015,Michael A. Taylor,WSN,14,0.229,0.358,0.64,88.7,6.30%,112.7,35.60%,472
2015,Erick Aybar,LAA,3,0.27,0.338,0.639,85.7,0.70%,108.1,19.20%,597
2019,Yolmer Sánchez,CHW,2,0.252,0.321,0.638,87.1,1.00%,107.5,27.00%,496
2024,Andrés Giménez,CLE,9,0.252,0.34,0.638,86.3,2.80%,109.6,28.50%,583
2018,Dee Strange-Gordon,SEA,4,0.268,0.349,0.637,83.2,0.00%,104.7,12.40%,556
2017,Dansby Swanson,ATL,6,0.232,0.324,0.636,86.9,3.00%,107.6,31.70%,488
2015,Ángel Pagán,SFG,3,0.262,0.332,0.635,86.2,0.50%,110.7,22.40%,512
2019,Mallex Smith,SEA,6,0.227,0.335,0.635,85.2,2.20%,105.7,19.90%,510
2017,Billy Hamilton,CIN,4,0.247,0.335,0.634,80.5,0.20%,103.7,11.20%,582
2024,Christopher Morel,2 Tms,21,0.196,0.346,0.634,89.2,10.20%,111.4,40.40%,535
2019,Orlando Arcia,MIL,15,0.223,0.35,0.633,87.9,3.80%,109.9,30.80%,494
2024,Zack Gelof,OAK,17,0.211,0.362,0.632,89.2,8.80%,109.1,37.20%,497
2020,Bryan Reynolds,PIT,7,0.189,0.357,0.632,87.5,10.10%,110.7,38.00%,185
2016,Jason Heyward,CHC,7,0.23,0.325,0.631,86.8,2.50%,110.8,30.90%,530
2020,Jose Altuve,HOU,5,0.219,0.344,0.629,86.7,4.60%,106.9,33.30%,192
2017,Alcides Escobar,KCR,6,0.25,0.357,0.629,84,2.00%,105.3,20.90%,599
2022,César Hernández,WSN,1,0.248,0.318,0.629,84.8,2.40%,110.8,29.70%,560
2018,Billy Hamilton,CIN,4,0.236,0.327,0.626,80.5,0.30%,101.9,8.50%,504
2022,Trent Grisham,SDP,17,0.184,0.341,0.626,88.3,8.10%,111.1,35.50%,451
2024,Orlando Arcia,ATL,17,0.218,0.354,0.625,88.2,5.30%,107.8,37.80%,551
2021,David Fletcher,LAA,2,0.262,0.324,0.622,82.3,0.00%,107.9,15.50%,626
2017,José Peraza,CIN,5,0.259,0.324,0.622,82.7,1.40%,106.9,20.00%,487
2015,Jean Segura,MIL,6,0.257,0.336,0.616,86.9,0.80%,109.6,26.50%,560
2015,Wilson Ramos,WSN,15,0.229,0.358,0.616,90.5,5.80%,114.2,44.50%,475
2020,Erik González,PIT,3,0.227,0.359,0.614,88.5,6.70%,111.4,44.00%,181
2015,Alcides Escobar,KCR,3,0.257,0.32,0.614,84.6,0.90%,106.2,16.50%,612
2021,Elvis Andrus,OAK,3,0.243,0.32,0.614,87.8,2.10%,109.8,34.80%,497
2024,Maikel Garcia,KCR,7,0.231,0.332,0.614,90.4,3.70%,108.6,42.60%,575
2022,Adam Frazier,SEA,3,0.238,0.311,0.612,85.1,1.50%,105.1,23.80%,541
2016,Alexei Ramirez,2 Tms,6,0.241,0.333,0.61,84.5,0.50%,105.5,23.90%,478
2017,Alex Gordon,KCR,9,0.208,0.315,0.608,86.3,3.90%,109.6,30.90%,476
2020,Victor Robles,WSN,3,0.22,0.315,0.608,82.2,1.70%,109.2,22.00%,168
2020,Marwin Gonzalez,MIN,5,0.211,0.32,0.606,89.2,5.10%,106,38.40%,175
2022,Miguel Rojas,MIA,6,0.236,0.323,0.605,86.1,1.90%,109.1,26.80%,471
2020,Eduardo Escobar,ARI,4,0.212,0.335,0.605,88.6,5.50%,106.7,31.70%,203
2020,Javier Báez,CHC,8,0.203,0.36,0.599,89.4,8.10%,116,40.30%,222
2020,Evan White,SEA,8,0.176,0.346,0.599,91.7,14.10%,112.8,52.50%,182
2023,Myles Straw,CLE,1,0.238,0.297,0.597,86.3,0.50%,106.2,23.10%,462
2016,Adeiny Hechavarría,MIA,3,0.236,0.311,0.594,88.1,0.70%,106.7,31.10%,508
2023,Javier Báez,DET,9,0.222,0.325,0.593,88,5.10%,113.1,38.80%,510
2020,Jonathan Villar,2 Tms,2,0.232,0.292,0.593,86.7,1.50%,111.1,35.80%,185
2018,Alcides Escobar,KCR,4,0.231,0.313,0.593,84.6,1.70%,105.5,21.50%,485
2015,Chris Owings,ARI,4,0.227,0.322,0.587,86.9,2.60%,107.6,24.90%,515
2023,Tim Anderson,CHW,1,0.245,0.296,0.582,87.8,2.90%,109.6,39.10%,493
2021,Kevin Newman,PIT,5,0.226,0.309,0.574,85.3,1.60%,109.4,26.00%,517
2022,Myles Straw,CLE,0,0.221,0.273,0.564,87,0.70%,104.8,26.40%,535
2022,Jonathan Schoop,DET,11,0.202,0.322,0.561,87,4.80%,111.6,38.60%,481
2020,Nicky Lopez,KCR,1,0.201,0.266,0.552,84.9,1.50%,104.6,26.70%,169
2018,Chris Davis,BAL,16,0.168,0.296,0.539,89.3,9.60%,111.8,40.10%,470